Materials,Place,Condition,C,Si,Mn,P,S,Cu,Cr,Ni,Al,Ti,V,Air Temperature,Relative humidity,Cl deposition rate,SO2 deposition rate,Precipitation,Velocity of Wind,TOW,Solar,Years,Corrosion
Fe¹,Tsukuba,open,0.001,<0.003,<0.01,0.0008,0.0011,<0.01,<0.01,<0.01,<0.01,<0.01,<0.01,14.3,nan,nan,nan,1522,2.5,nan,nan,0.5,259.59
Fe¹,Tsukuba,open,0.001,<0.003,<0.01,0.0008,0.0011,<0.01,<0.01,<0.01,<0.01,<0.01,<0.01,14.6,nan,3.4,4.8,1167,2.5,nan,nan,1,355.35
Fe¹,Tsukuba,open,0.001,<0.003,<0.01,0.0008,0.0011,<0.01,<0.01,<0.01,<0.01,<0.01,<0.01,16.3,75,3.1,5.8,726.5,2,4196.2,5561.04,2,529.65
Fe¹,Tsukuba,open,0.001,<0.003,<0.01,0.0008,0.0011,<0.01,<0.01,<0.01,<0.01,<0.01,<0.01,15.8,80,3.4,5.4,997,1.5,5143.8,5920.18,3,706.65
Fe¹,Tsukuba,open,0.001,<0.003,<0.01,0.0008,0.0011,<0.01,<0.01,<0.01,<0.01,<0.01,<0.01,15.5,74,2.1,2.5,1036.5,1.2,3969.6,6595,7,1102.35
Fe¹,Tsukuba,open,0.001,<0.003,<0.01,0.0008,0.0011,<0.01,<0.01,<0.01,<0.01,<0.01,<0.01,14.1,70,3.2,2.2,1201.6,0.8,4088.1,nan,10,1256.12
Fe-0.4%Cu,Tsukuba,open,0.001,<0.003,<0.01,0.0006,0.0007,<0.01,<0.01,<0.01,<0.01,<0.01,<0.01,14.3,nan,nan,nan,1522,2.5,nan,nan,0.5,68
Fe-0.4%Cu,Tsukuba,open,0.001,<0.003,<0.01,0.0006,0.0007,<0.01,<0.01,<0.01,<0.01,<0.01,<0.01,14.6,nan,3.4,4.8,1167,2.5,nan,nan,1,126.53
Fe-0.4%Cu,Tsukuba,open,0.001,<0.003,<0.01,0.0006,0.0007,<0.01,<0.01,<0.01,<0.01,<0.01,<0.01,16.3,75,3.1,5.8,726.5,2,4196.2,5561.04,2,207.47
Fe-0.4%Cu,Tsukuba,open,0.001,<0.003,<0.01,0.0006,0.0007,<0.01,<0.01,<0.01,<0.01,<0.01,<0.01,15.8,80,3.4,5.4,997,1.5,5143.8,5920.18,3,299.24
Fe-0.4%Cu,Tsukuba,open,0.001,<0.003,<0.01,0.0006,0.0007,<0.01,<0.01,<0.01,<0.01,<0.01,<0.01,15.5,74,2.1,2.5,1036.5,1.2,3969.6,6595,7,482.41
Fe-0.4%Cu,Tsukuba,open,0.001,<0.003,<0.01,0.0006,0.0007,<0.01,<0.01,<0.01,<0.01,<0.01,<0.01,14.1,70,3.2,2.2,1201.6,0.8,4088.1,nan,10,523.18
Fe-1%Ni,Tsukuba,open,0.001,<0.003,0.01,0.0003,0.0001,<0.01,<0.01,0.98,<0.01,<0.01,<0.01,14.3,nan,nan,nan,1522,2.5,nan,nan,0.5,41.12
Fe-1%Ni,Tsukuba,open,0.001,<0.003,0.01,0.0003,0.0001,<0.01,<0.01,0.98,<0.01,<0.01,<0.01,14.6,nan,3.4,4.8,1167,2.5,nan,nan,1,89.35
Fe-1%Ni,Tsukuba,open,0.001,<0.003,0.01,0.0003,0.0001,<0.01,<0.01,0.98,<0.01,<0.01,<0.01,16.3,75,3.1,5.8,726.5,2,4196.2,5561.04,2,137.53
Fe-1%Ni,Tsukuba,open,0.001,<0.003,0.01,0.0003,0.0001,<0.01,<0.01,0.98,<0.01,<0.01,<0.01,15.8,80,3.4,5.4,997,1.5,5143.8,5920.18,3,224
Fe-1%Ni,Tsukuba,open,0.001,<0.003,0.01,0.0003,0.0001,<0.01,<0.01,0.98,<0.01,<0.01,<0.01,15.5,74,2.1,2.5,1036.5,1.2,3969.6,6595,7,349
Fe-1%Ni,Tsukuba,open,0.001,<0.003,0.01,0.0003,0.0001,<0.01,<0.01,0.98,<0.01,<0.01,<0.01,14.1,70,3.2,2.2,1201.6,0.8,4088.1,nan,10,389.06
Fe-3%Ni,Tsukuba,open,0.001,<0.003,0.01,0.0005,0.0002,<0.01,<0.01,3.02,<0.01,<0.01,<0.01,14.3,nan,nan,nan,1522,2.5,nan,nan,0.5,29.65
Fe-3%Ni,Tsukuba,open,0.001,<0.003,0.01,0.0005,0.0002,<0.01,<0.01,3.02,<0.01,<0.01,<0.01,14.6,nan,3.4,4.8,1167,2.5,nan,nan,1,84.41
Fe-3%Ni,Tsukuba,open,0.001,<0.003,0.01,0.0005,0.0002,<0.01,<0.01,3.02,<0.01,<0.01,<0.01,16.3,75,3.1,5.8,726.5,2,4196.2,5561.04,2,113.06
Fe-3%Ni,Tsukuba,open,0.001,<0.003,0.01,0.0005,0.0002,<0.01,<0.01,3.02,<0.01,<0.01,<0.01,15.8,80,3.4,5.4,997,1.5,5143.8,5920.18,3,181.76
Fe-3%Ni,Tsukuba,open,0.001,<0.003,0.01,0.0005,0.0002,<0.01,<0.01,3.02,<0.01,<0.01,<0.01,15.5,74,2.1,2.5,1036.5,1.2,3969.6,6595,7,288.59
Fe-3%Ni,Tsukuba,open,0.001,<0.003,0.01,0.0005,0.0002,<0.01,<0.01,3.02,<0.01,<0.01,<0.01,14.1,70,3.2,2.2,1201.6,0.8,4088.1,nan,10,317.29
Fe-5% Ni,Tsukuba,open,0.001,<0.003,0.11,0.0006,0.0003,<0.01,<0.01,5.01,<0.01,<0.01,<0.01,14.3,nan,nan,nan,1522,2.5,nan,nan,0.5,16.59
Fe-5% Ni,Tsukuba,open,0.001,<0.003,0.11,0.0006,0.0003,<0.01,<0.01,5.01,<0.01,<0.01,<0.01,14.6,nan,3.4,4.8,1167,2.5,nan,nan,1,85.65
Fe-5% Ni,Tsukuba,open,0.001,<0.003,0.11,0.0006,0.0003,<0.01,<0.01,5.01,<0.01,<0.01,<0.01,16.3,75,3.1,5.8,726.5,2,4196.2,5561.04,2,94.35
Fe-5% Ni,Tsukuba,open,0.001,<0.003,0.11,0.0006,0.0003,<0.01,<0.01,5.01,<0.01,<0.01,<0.01,15.8,80,3.4,5.4,997,1.5,5143.8,5920.18,3,158.06
Fe-5% Ni,Tsukuba,open,0.001,<0.003,0.11,0.0006,0.0003,<0.01,<0.01,5.01,<0.01,<0.01,<0.01,15.5,74,2.1,2.5,1036.5,1.2,3969.6,6595,7,256.06
Fe-5% Ni,Tsukuba,open,0.001,<0.003,0.11,0.0006,0.0003,<0.01,<0.01,5.01,<0.01,<0.01,<0.01,14.1,70,3.2,2.2,1201.6,0.8,4088.1,nan,10,276.35
Fe-9%Ni,Tsukuba,open,0.001,<0.003,0.12,0.0005,0.0003,<0.01,<0.01,9.06,<0.01,<0.01,<0.01,14.3,nan,nan,nan,1522,2.5,nan,nan,0.5,10.53
Fe-9%Ni,Tsukuba,open,0.001,<0.003,0.12,0.0005,0.0003,<0.01,<0.01,9.06,<0.01,<0.01,<0.01,14.6,nan,3.4,4.8,1167,2.5,nan,nan,1,33.53
Fe-9%Ni,Tsukuba,open,0.001,<0.003,0.12,0.0005,0.0003,<0.01,<0.01,9.06,<0.01,<0.01,<0.01,16.3,75,3.1,5.8,726.5,2,4196.2,5561.04,2,54.82
Fe-9%Ni,Tsukuba,open,0.001,<0.003,0.12,0.0005,0.0003,<0.01,<0.01,9.06,<0.01,<0.01,<0.01,15.8,80,3.4,5.4,997,1.5,5143.8,5920.18,3,107.47
Fe-9%Ni,Tsukuba,open,0.001,<0.003,0.12,0.0005,0.0003,<0.01,<0.01,9.06,<0.01,<0.01,<0.01,15.5,74,2.1,2.5,1036.5,1.2,3969.6,6595,7,210.53
Fe-9%Ni,Tsukuba,open,0.001,<0.003,0.12,0.0005,0.0003,<0.01,<0.01,9.06,<0.01,<0.01,<0.01,14.1,70,3.2,2.2,1201.6,0.8,4088.1,nan,10,245.29
Fe-1%Cr,Tsukuba,open,0.005,<0.003,0.07,0.001,0.0002,<0.01,1.01,<0.01,<0.01,<0.01,<0.01,14.3,nan,nan,nan,1522,2.5,nan,nan,0.5,105
Fe-1%Cr,Tsukuba,open,0.005,<0.003,0.07,0.001,0.0002,<0.01,1.01,<0.01,<0.01,<0.01,<0.01,14.6,nan,3.4,4.8,1167,2.5,nan,nan,1,170.12
Fe-1%Cr,Tsukuba,open,0.005,<0.003,0.07,0.001,0.0002,<0.01,1.01,<0.01,<0.01,<0.01,<0.01,16.3,75,3.1,5.8,726.5,2,4196.2,5561.04,2,202.71
Fe-1%Cr,Tsukuba,open,0.005,<0.003,0.07,0.001,0.0002,<0.01,1.01,<0.01,<0.01,<0.01,<0.01,15.8,80,3.4,5.4,997,1.5,5143.8,5920.18,3,278.59
Fe-1%Cr,Tsukuba,open,0.005,<0.003,0.07,0.001,0.0002,<0.01,1.01,<0.01,<0.01,<0.01,<0.01,15.5,74,2.1,2.5,1036.5,1.2,3969.6,6595,7,458.88
Fe-1%Cr,Tsukuba,open,0.005,<0.003,0.07,0.001,0.0002,<0.01,1.01,<0.01,<0.01,<0.01,<0.01,14.1,70,3.2,2.2,1201.6,0.8,4088.1,nan,10,478.94
Fe-3%Cr,Tsukuba,open,0.006,<0.003,0.05,0.0007,0.0001,<0.01,3.05,<0.01,<0.01,<0.01,<0.01,14.3,nan,nan,nan,1522,2.5,nan,nan,0.5,91.35
Fe-3%Cr,Tsukuba,open,0.006,<0.003,0.05,0.0007,0.0001,<0.01,3.05,<0.01,<0.01,<0.01,<0.01,14.6,nan,3.4,4.8,1167,2.5,nan,nan,1,159.76
Fe-3%Cr,Tsukuba,open,0.006,<0.003,0.05,0.0007,0.0001,<0.01,3.05,<0.01,<0.01,<0.01,<0.01,16.3,75,3.1,5.8,726.5,2,4196.2,5561.04,2,145.53
Fe-3%Cr,Tsukuba,open,0.006,<0.003,0.05,0.0007,0.0001,<0.01,3.05,<0.01,<0.01,<0.01,<0.01,15.8,80,3.4,5.4,997,1.5,5143.8,5920.18,3,212.35
Fe-3%Cr,Tsukuba,open,0.006,<0.003,0.05,0.0007,0.0001,<0.01,3.05,<0.01,<0.01,<0.01,<0.01,15.5,74,2.1,2.5,1036.5,1.2,3969.6,6595,7,234.82
Fe-3%Cr,Tsukuba,open,0.006,<0.003,0.05,0.0007,0.0001,<0.01,3.05,<0.01,<0.01,<0.01,<0.01,14.1,70,3.2,2.2,1201.6,0.8,4088.1,nan,10,205
Fe-5%Cr,Tsukuba,open,0.003,<0.003,0.11,0.0003,0.001,<0.01,5.03,<0.01,<0.01,<0.01,<0.01,14.3,nan,nan,nan,1522,2.5,nan,nan,0.5,60.34
Fe-5%Cr,Tsukuba,open,0.003,<0.003,0.11,0.0003,0.001,<0.01,5.03,<0.01,<0.01,<0.01,<0.01,14.6,nan,3.4,4.8,1167,2.5,nan,nan,1,111.24
Fe-5%Cr,Tsukuba,open,0.003,<0.003,0.11,0.0003,0.001,<0.01,5.03,<0.01,<0.01,<0.01,<0.01,16.3,75,3.1,5.8,726.5,2,4196.2,5561.04,2,114.06
Fe-5%Cr,Tsukuba,open,0.003,<0.003,0.11,0.0003,0.001,<0.01,5.03,<0.01,<0.01,<0.01,<0.01,15.8,80,3.4,5.4,997,1.5,5143.8,5920.18,3,155.59
Fe-5%Cr,Tsukuba,open,0.003,<0.003,0.11,0.0003,0.001,<0.01,5.03,<0.01,<0.01,<0.01,<0.01,15.5,74,2.1,2.5,1036.5,1.2,3969.6,6595,7,168.65
Fe-5%Cr,Tsukuba,open,0.003,<0.003,0.11,0.0003,0.001,<0.01,5.03,<0.01,<0.01,<0.01,<0.01,14.1,70,3.2,2.2,1201.6,0.8,4088.1,nan,10,144.82
Fe-9%Cr,Tsukuba,open,0.003,<0.003,0.12,0.0002,0.0003,<0.01,9.03,<0.01,<0.01,<0.01,<0.01,14.3,nan,nan,nan,1522,2.5,nan,nan,0.5,6.65
Fe-9%Cr,Tsukuba,open,0.003,<0.003,0.12,0.0002,0.0003,<0.01,9.03,<0.01,<0.01,<0.01,<0.01,14.6,nan,3.4,4.8,1167,2.5,nan,nan,1,44.82
Fe-9%Cr,Tsukuba,open,0.003,<0.003,0.12,0.0002,0.0003,<0.01,9.03,<0.01,<0.01,<0.01,<0.01,16.3,75,3.1,5.8,726.5,2,4196.2,5561.04,2,22.29
Fe-9%Cr,Tsukuba,open,0.003,<0.003,0.12,0.0002,0.0003,<0.01,9.03,<0.01,<0.01,<0.01,<0.01,15.8,80,3.4,5.4,997,1.5,5143.8,5920.18,3,18.29
Fe-9%Cr,Tsukuba,open,0.003,<0.003,0.12,0.0002,0.0003,<0.01,9.03,<0.01,<0.01,<0.01,<0.01,15.5,74,2.1,2.5,1036.5,1.2,3969.6,6595,7,62.76
Fe-9%Cr,Tsukuba,open,0.003,<0.003,0.12,0.0002,0.0003,<0.01,9.03,<0.01,<0.01,<0.01,<0.01,14.1,70,3.2,2.2,1201.6,0.8,4088.1,nan,10,23.71
SM490A,Tsukuba,open,0.15,0.285,1.45,0.02,0.0039,<0.01,0.05,<0.01,<0.01,<0.01,<0.01,14.3,nan,nan,nan,1522,2.5,nan,nan,0.5,nan
SM490A,Tsukuba,open,0.15,0.285,1.45,0.02,0.0039,<0.01,0.05,<0.01,<0.01,<0.01,<0.01,14.6,nan,3.4,4.8,1167,2.5,nan,nan,1,nan
SM490A,Tsukuba,open,0.15,0.285,1.45,0.02,0.0039,<0.01,0.05,<0.01,<0.01,<0.01,<0.01,16.3,75,3.1,5.8,726.5,2,4196.2,5561.04,2,nan
SM490A,Tsukuba,open,0.15,0.285,1.45,0.02,0.0039,<0.01,0.05,<0.01,<0.01,<0.01,<0.01,15.8,80,3.4,5.4,997,1.5,5143.8,5920.18,3,331.06
SM490A,Tsukuba,open,0.15,0.285,1.45,0.02,0.0039,<0.01,0.05,<0.01,<0.01,<0.01,<0.01,15.5,74,2.1,2.5,1036.5,1.2,3969.6,6595,7,nan
SM490A,Tsukuba,open,0.15,0.285,1.45,0.02,0.0039,<0.01,0.05,<0.01,<0.01,<0.01,<0.01,14.1,70,3.2,2.2,1201.6,0.8,4088.1,nan,10,336.24
SMA490,Tsukuba,open,0.12,0.36,1.08,0.013,0.0076,0.34,0.51,0.08,<0.01,<0.01,<0.01,14.3,nan,nan,nan,1522,2.5,nan,nan,0.5,94.29
SMA490,Tsukuba,open,0.12,0.36,1.08,0.013,0.0076,0.34,0.51,0.08,<0.01,<0.01,<0.01,14.6,nan,3.4,4.8,1167,2.5,nan,nan,1,537.41
SMA490,Tsukuba,open,0.12,0.36,1.08,0.013,0.0076,0.34,0.51,0.08,<0.01,<0.01,<0.01,16.3,75,3.1,5.8,726.5,2,4196.2,5561.04,2,204.18
SMA490,Tsukuba,open,0.12,0.36,1.08,0.013,0.0076,0.34,0.51,0.08,<0.01,<0.01,<0.01,15.8,80,3.4,5.4,997,1.5,5143.8,5920.18,3,272.06
SMA490,Tsukuba,open,0.12,0.36,1.08,0.013,0.0076,0.34,0.51,0.08,<0.01,<0.01,<0.01,15.5,74,2.1,2.5,1036.5,1.2,3969.6,6595,7,387.29
SMA490,Tsukuba,open,0.12,0.36,1.08,0.013,0.0076,0.34,0.51,0.08,<0.01,<0.01,<0.01,14.1,70,3.2,2.2,1201.6,0.8,4088.1,nan,10,383.82
SPA-H,Tsukuba,open,0.089,0.22,0.39,0.1,0.0044,0.31,0.39,0.11,<0.01,<0.01,<0.01,14.3,nan,nan,nan,1522,2.5,nan,nan,0.5,99.94
SPA-H,Tsukuba,open,0.089,0.22,0.39,0.1,0.0044,0.31,0.39,0.11,<0.01,<0.01,<0.01,14.6,nan,3.4,4.8,1167,2.5,nan,nan,1,1025.38
SPA-H,Tsukuba,open,0.089,0.22,0.39,0.1,0.0044,0.31,0.39,0.11,<0.01,<0.01,<0.01,16.3,75,3.1,5.8,726.5,2,4196.2,5561.04,2,109.26
SPA-H,Tsukuba,open,0.089,0.22,0.39,0.1,0.0044,0.31,0.39,0.11,<0.01,<0.01,<0.01,15.8,80,3.4,5.4,997,1.5,5143.8,5920.18,3,409.12
SPA-H,Tsukuba,open,0.089,0.22,0.39,0.1,0.0044,0.31,0.39,0.11,<0.01,<0.01,<0.01,15.5,74,2.1,2.5,1036.5,1.2,3969.6,6595,7,618.35
SPA-H,Tsukuba,open,0.089,0.22,0.39,0.1,0.0044,0.31,0.39,0.11,<0.01,<0.01,<0.01,14.1,70,3.2,2.2,1201.6,0.8,4088.1,nan,10,351.71
Fe¹,Tsukuba,closed,0.001,<0.003,<0.01,0.0008,0.0011,<0.01,<0.01,<0.01,<0.01,<0.01,<0.01,14.3,nan,nan,nan,1522,2.5,nan,nan,0.5,67.71
Fe¹,Tsukuba,closed,0.001,<0.003,<0.01,0.0008,0.0011,<0.01,<0.01,<0.01,<0.01,<0.01,<0.01,14.6,nan,3.4,4.8,1167,2.5,nan,nan,1,141.18
Fe¹,Tsukuba,closed,0.001,<0.003,<0.01,0.0008,0.0011,<0.01,<0.01,<0.01,<0.01,<0.01,<0.01,16.3,75,3.1,5.8,726.5,2,4196.2,5561.04,2,213.29
Fe¹,Tsukuba,closed,0.001,<0.003,<0.01,0.0008,0.0011,<0.01,<0.01,<0.01,<0.01,<0.01,<0.01,15.8,80,3.4,5.4,997,1.5,5143.8,5920.18,3,289.12
Fe¹,Tsukuba,closed,0.001,<0.003,<0.01,0.0008,0.0011,<0.01,<0.01,<0.01,<0.01,<0.01,<0.01,15.5,74,2.1,2.5,1036.5,1.2,3969.6,6595,7,530.12
Fe¹,Tsukuba,closed,0.001,<0.003,<0.01,0.0008,0.0011,<0.01,<0.01,<0.01,<0.01,<0.01,<0.01,14.1,70,3.2,2.2,1201.6,0.8,4088.1,nan,10,630.94
Fe-0.4%Cu,Tsukuba,closed,0.001,<0.003,<0.01,0.0006,0.0007,<0.01,<0.01,<0.01,<0.01,<0.01,<0.01,14.3,nan,nan,nan,1522,2.5,nan,nan,0.5,49.24
Fe-0.4%Cu,Tsukuba,closed,0.001,<0.003,<0.01,0.0006,0.0007,<0.01,<0.01,<0.01,<0.01,<0.01,<0.01,14.6,nan,3.4,4.8,1167,2.5,nan,nan,1,99.29
Fe-0.4%Cu,Tsukuba,closed,0.001,<0.003,<0.01,0.0006,0.0007,<0.01,<0.01,<0.01,<0.01,<0.01,<0.01,16.3,75,3.1,5.8,726.5,2,4196.2,5561.04,2,179.35
Fe-0.4%Cu,Tsukuba,closed,0.001,<0.003,<0.01,0.0006,0.0007,<0.01,<0.01,<0.01,<0.01,<0.01,<0.01,15.8,80,3.4,5.4,997,1.5,5143.8,5920.18,3,236.65
Fe-0.4%Cu,Tsukuba,closed,0.001,<0.003,<0.01,0.0006,0.0007,<0.01,<0.01,<0.01,<0.01,<0.01,<0.01,15.5,74,2.1,2.5,1036.5,1.2,3969.6,6595,7,397.35
Fe-0.4%Cu,Tsukuba,closed,0.001,<0.003,<0.01,0.0006,0.0007,<0.01,<0.01,<0.01,<0.01,<0.01,<0.01,14.1,70,3.2,2.2,1201.6,0.8,4088.1,nan,10,475.41
Fe-1%Ni,Tsukuba,closed,0.001,<0.003,0.01,0.0003,0.0001,<0.01,<0.01,0.98,<0.01,<0.01,<0.01,14.3,nan,nan,nan,1522,2.5,nan,nan,0.5,40.12
Fe-1%Ni,Tsukuba,closed,0.001,<0.003,0.01,0.0003,0.0001,<0.01,<0.01,0.98,<0.01,<0.01,<0.01,14.6,nan,3.4,4.8,1167,2.5,nan,nan,1,92.41
Fe-1%Ni,Tsukuba,closed,0.001,<0.003,0.01,0.0003,0.0001,<0.01,<0.01,0.98,<0.01,<0.01,<0.01,16.3,75,3.1,5.8,726.5,2,4196.2,5561.04,2,140
Fe-1%Ni,Tsukuba,closed,0.001,<0.003,0.01,0.0003,0.0001,<0.01,<0.01,0.98,<0.01,<0.01,<0.01,15.8,80,3.4,5.4,997,1.5,5143.8,5920.18,3,191.41
Fe-1%Ni,Tsukuba,closed,0.001,<0.003,0.01,0.0003,0.0001,<0.01,<0.01,0.98,<0.01,<0.01,<0.01,15.5,74,2.1,2.5,1036.5,1.2,3969.6,6595,7,324.88
Fe-1%Ni,Tsukuba,closed,0.001,<0.003,0.01,0.0003,0.0001,<0.01,<0.01,0.98,<0.01,<0.01,<0.01,14.1,70,3.2,2.2,1201.6,0.8,4088.1,nan,10,392.76
Fe-3%Ni,Tsukuba,closed,0.001,<0.003,0.01,0.0005,0.0002,<0.01,<0.01,3.02,<0.01,<0.01,<0.01,14.3,nan,nan,nan,1522,2.5,nan,nan,0.5,33.71
Fe-3%Ni,Tsukuba,closed,0.001,<0.003,0.01,0.0005,0.0002,<0.01,<0.01,3.02,<0.01,<0.01,<0.01,14.6,nan,3.4,4.8,1167,2.5,nan,nan,1,95.12
Fe-3%Ni,Tsukuba,closed,0.001,<0.003,0.01,0.0005,0.0002,<0.01,<0.01,3.02,<0.01,<0.01,<0.01,16.3,75,3.1,5.8,726.5,2,4196.2,5561.04,2,119.53
Fe-3%Ni,Tsukuba,closed,0.001,<0.003,0.01,0.0005,0.0002,<0.01,<0.01,3.02,<0.01,<0.01,<0.01,15.8,80,3.4,5.4,997,1.5,5143.8,5920.18,3,161.65
Fe-3%Ni,Tsukuba,closed,0.001,<0.003,0.01,0.0005,0.0002,<0.01,<0.01,3.02,<0.01,<0.01,<0.01,15.5,74,2.1,2.5,1036.5,1.2,3969.6,6595,7,265
Fe-3%Ni,Tsukuba,closed,0.001,<0.003,0.01,0.0005,0.0002,<0.01,<0.01,3.02,<0.01,<0.01,<0.01,14.1,70,3.2,2.2,1201.6,0.8,4088.1,nan,10,319.24
Fe-5% Ni,Tsukuba,closed,0.001,<0.003,0.11,0.0006,0.0003,<0.01,<0.01,5.01,<0.01,<0.01,<0.01,14.3,nan,nan,nan,1522,2.5,nan,nan,0.5,27.29
Fe-5% Ni,Tsukuba,closed,0.001,<0.003,0.11,0.0006,0.0003,<0.01,<0.01,5.01,<0.01,<0.01,<0.01,14.6,nan,3.4,4.8,1167,2.5,nan,nan,1,95.24
Fe-5% Ni,Tsukuba,closed,0.001,<0.003,0.11,0.0006,0.0003,<0.01,<0.01,5.01,<0.01,<0.01,<0.01,16.3,75,3.1,5.8,726.5,2,4196.2,5561.04,2,107.59
Fe-5% Ni,Tsukuba,closed,0.001,<0.003,0.11,0.0006,0.0003,<0.01,<0.01,5.01,<0.01,<0.01,<0.01,15.8,80,3.4,5.4,997,1.5,5143.8,5920.18,3,147.65
Fe-5% Ni,Tsukuba,closed,0.001,<0.003,0.11,0.0006,0.0003,<0.01,<0.01,5.01,<0.01,<0.01,<0.01,15.5,74,2.1,2.5,1036.5,1.2,3969.6,6595,7,239.41
Fe-5% Ni,Tsukuba,closed,0.001,<0.003,0.11,0.0006,0.0003,<0.01,<0.01,5.01,<0.01,<0.01,<0.01,14.1,70,3.2,2.2,1201.6,0.8,4088.1,nan,10,283.59
Fe-9%Ni,Tsukuba,closed,0.001,<0.003,0.12,0.0005,0.0003,<0.01,<0.01,9.06,<0.01,<0.01,<0.01,14.3,nan,nan,nan,1522,2.5,nan,nan,0.5,21.94
Fe-9%Ni,Tsukuba,closed,0.001,<0.003,0.12,0.0005,0.0003,<0.01,<0.01,9.06,<0.01,<0.01,<0.01,14.6,nan,3.4,4.8,1167,2.5,nan,nan,1,68.18
Fe-9%Ni,Tsukuba,closed,0.001,<0.003,0.12,0.0005,0.0003,<0.01,<0.01,9.06,<0.01,<0.01,<0.01,16.3,75,3.1,5.8,726.5,2,4196.2,5561.04,2,98.29
Fe-9%Ni,Tsukuba,closed,0.001,<0.003,0.12,0.0005,0.0003,<0.01,<0.01,9.06,<0.01,<0.01,<0.01,15.8,80,3.4,5.4,997,1.5,5143.8,5920.18,3,129.71
Fe-9%Ni,Tsukuba,closed,0.001,<0.003,0.12,0.0005,0.0003,<0.01,<0.01,9.06,<0.01,<0.01,<0.01,15.5,74,2.1,2.5,1036.5,1.2,3969.6,6595,7,204.65
Fe-9%Ni,Tsukuba,closed,0.001,<0.003,0.12,0.0005,0.0003,<0.01,<0.01,9.06,<0.01,<0.01,<0.01,14.1,70,3.2,2.2,1201.6,0.8,4088.1,nan,10,240.65
Fe-1%Cr,Tsukuba,closed,0.005,<0.003,0.07,0.001,0.0002,<0.01,1.01,<0.01,<0.01,<0.01,<0.01,14.3,nan,nan,nan,1522,2.5,nan,nan,0.5,50.24
Fe-1%Cr,Tsukuba,closed,0.005,<0.003,0.07,0.001,0.0002,<0.01,1.01,<0.01,<0.01,<0.01,<0.01,14.6,nan,3.4,4.8,1167,2.5,nan,nan,1,131.18
Fe-1%Cr,Tsukuba,closed,0.005,<0.003,0.07,0.001,0.0002,<0.01,1.01,<0.01,<0.01,<0.01,<0.01,16.3,75,3.1,5.8,726.5,2,4196.2,5561.04,2,178.06
Fe-1%Cr,Tsukuba,closed,0.005,<0.003,0.07,0.001,0.0002,<0.01,1.01,<0.01,<0.01,<0.01,<0.01,15.8,80,3.4,5.4,997,1.5,5143.8,5920.18,3,234.12
Fe-1%Cr,Tsukuba,closed,0.005,<0.003,0.07,0.001,0.0002,<0.01,1.01,<0.01,<0.01,<0.01,<0.01,15.5,74,2.1,2.5,1036.5,1.2,3969.6,6595,7,412.71
Fe-1%Cr,Tsukuba,closed,0.005,<0.003,0.07,0.001,0.0002,<0.01,1.01,<0.01,<0.01,<0.01,<0.01,14.1,70,3.2,2.2,1201.6,0.8,4088.1,nan,10,448.71
Fe-3%Cr,Tsukuba,closed,0.006,<0.003,0.05,0.0007,0.0001,<0.01,3.05,<0.01,<0.01,<0.01,<0.01,14.3,nan,nan,nan,1522,2.5,nan,nan,0.5,48.18
Fe-3%Cr,Tsukuba,closed,0.006,<0.003,0.05,0.0007,0.0001,<0.01,3.05,<0.01,<0.01,<0.01,<0.01,14.6,nan,3.4,4.8,1167,2.5,nan,nan,1,121.06
Fe-3%Cr,Tsukuba,closed,0.006,<0.003,0.05,0.0007,0.0001,<0.01,3.05,<0.01,<0.01,<0.01,<0.01,16.3,75,3.1,5.8,726.5,2,4196.2,5561.04,2,154.03
Fe-3%Cr,Tsukuba,closed,0.006,<0.003,0.05,0.0007,0.0001,<0.01,3.05,<0.01,<0.01,<0.01,<0.01,15.8,80,3.4,5.4,997,1.5,5143.8,5920.18,3,194.18
Fe-3%Cr,Tsukuba,closed,0.006,<0.003,0.05,0.0007,0.0001,<0.01,3.05,<0.01,<0.01,<0.01,<0.01,15.5,74,2.1,2.5,1036.5,1.2,3969.6,6595,7,305.82
Fe-3%Cr,Tsukuba,closed,0.006,<0.003,0.05,0.0007,0.0001,<0.01,3.05,<0.01,<0.01,<0.01,<0.01,14.1,70,3.2,2.2,1201.6,0.8,4088.1,nan,10,351.12
Fe-5%Cr,Tsukuba,closed,0.003,<0.003,0.11,0.0003,0.001,<0.01,5.03,<0.01,<0.01,<0.01,<0.01,14.3,nan,nan,nan,1522,2.5,nan,nan,0.5,34.47
Fe-5%Cr,Tsukuba,closed,0.003,<0.003,0.11,0.0003,0.001,<0.01,5.03,<0.01,<0.01,<0.01,<0.01,14.6,nan,3.4,4.8,1167,2.5,nan,nan,1,98.06
Fe-5%Cr,Tsukuba,closed,0.003,<0.003,0.11,0.0003,0.001,<0.01,5.03,<0.01,<0.01,<0.01,<0.01,16.3,75,3.1,5.8,726.5,2,4196.2,5561.04,2,115.06
Fe-5%Cr,Tsukuba,closed,0.003,<0.003,0.11,0.0003,0.001,<0.01,5.03,<0.01,<0.01,<0.01,<0.01,15.8,80,3.4,5.4,997,1.5,5143.8,5920.18,3,150.41
Fe-5%Cr,Tsukuba,closed,0.003,<0.003,0.11,0.0003,0.001,<0.01,5.03,<0.01,<0.01,<0.01,<0.01,15.5,74,2.1,2.5,1036.5,1.2,3969.6,6595,7,247.76
Fe-5%Cr,Tsukuba,closed,0.003,<0.003,0.11,0.0003,0.001,<0.01,5.03,<0.01,<0.01,<0.01,<0.01,14.1,70,3.2,2.2,1201.6,0.8,4088.1,nan,10,288.29
Fe-9%Cr,Tsukuba,closed,0.003,<0.003,0.12,0.0002,0.0003,<0.01,9.03,<0.01,<0.01,<0.01,<0.01,14.3,nan,nan,nan,1522,2.5,nan,nan,0.5,13.12
Fe-9%Cr,Tsukuba,closed,0.003,<0.003,0.12,0.0002,0.0003,<0.01,9.03,<0.01,<0.01,<0.01,<0.01,14.6,nan,3.4,4.8,1167,2.5,nan,nan,1,55.88
Fe-9%Cr,Tsukuba,closed,0.003,<0.003,0.12,0.0002,0.0003,<0.01,9.03,<0.01,<0.01,<0.01,<0.01,16.3,75,3.1,5.8,726.5,2,4196.2,5561.04,2,37.88
Fe-9%Cr,Tsukuba,closed,0.003,<0.003,0.12,0.0002,0.0003,<0.01,9.03,<0.01,<0.01,<0.01,<0.01,15.8,80,3.4,5.4,997,1.5,5143.8,5920.18,3,46.24
Fe-9%Cr,Tsukuba,closed,0.003,<0.003,0.12,0.0002,0.0003,<0.01,9.03,<0.01,<0.01,<0.01,<0.01,15.5,74,2.1,2.5,1036.5,1.2,3969.6,6595,7,119.35
Fe-9%Cr,Tsukuba,closed,0.003,<0.003,0.12,0.0002,0.0003,<0.01,9.03,<0.01,<0.01,<0.01,<0.01,14.1,70,3.2,2.2,1201.6,0.8,4088.1,nan,10,114.47
SM490A,Tsukuba,closed,0.15,0.285,1.45,0.02,0.0039,<0.01,0.05,<0.01,<0.01,<0.01,<0.01,14.3,nan,nan,nan,1522,2.5,nan,nan,0.5,164.5
SM490A,Tsukuba,closed,0.15,0.285,1.45,0.02,0.0039,<0.01,0.05,<0.01,<0.01,<0.01,<0.01,14.6,nan,3.4,4.8,1167,2.5,nan,nan,1,488.06
SM490A,Tsukuba,closed,0.15,0.285,1.45,0.02,0.0039,<0.01,0.05,<0.01,<0.01,<0.01,<0.01,16.3,75,3.1,5.8,726.5,2,4196.2,5561.04,2,263.71
SM490A,Tsukuba,closed,0.15,0.285,1.45,0.02,0.0039,<0.01,0.05,<0.01,<0.01,<0.01,<0.01,15.8,80,3.4,5.4,997,1.5,5143.8,5920.18,3,280.29
SM490A,Tsukuba,closed,0.15,0.285,1.45,0.02,0.0039,<0.01,0.05,<0.01,<0.01,<0.01,<0.01,15.5,74,2.1,2.5,1036.5,1.2,3969.6,6595,7,nan
SM490A,Tsukuba,closed,0.15,0.285,1.45,0.02,0.0039,<0.01,0.05,<0.01,<0.01,<0.01,<0.01,14.1,70,3.2,2.2,1201.6,0.8,4088.1,nan,10,394.18
SMA490,Tsukuba,closed,0.12,0.36,1.08,0.013,0.0076,0.34,0.51,0.08,<0.01,<0.01,<0.01,14.3,nan,nan,nan,1522,2.5,nan,nan,0.5,65
SMA490,Tsukuba,closed,0.12,0.36,1.08,0.013,0.0076,0.34,0.51,0.08,<0.01,<0.01,<0.01,14.6,nan,3.4,4.8,1167,2.5,nan,nan,1,460.53
SMA490,Tsukuba,closed,0.12,0.36,1.08,0.013,0.0076,0.34,0.51,0.08,<0.01,<0.01,<0.01,16.3,75,3.1,5.8,726.5,2,4196.2,5561.04,2,179.35
SMA490,Tsukuba,closed,0.12,0.36,1.08,0.013,0.0076,0.34,0.51,0.08,<0.01,<0.01,<0.01,15.8,80,3.4,5.4,997,1.5,5143.8,5920.18,3,255
SMA490,Tsukuba,closed,0.12,0.36,1.08,0.013,0.0076,0.34,0.51,0.08,<0.01,<0.01,<0.01,15.5,74,2.1,2.5,1036.5,1.2,3969.6,6595,7,422.65
SMA490,Tsukuba,closed,0.12,0.36,1.08,0.013,0.0076,0.34,0.51,0.08,<0.01,<0.01,<0.01,14.1,70,3.2,2.2,1201.6,0.8,4088.1,nan,10,394.94
SPA-H,Tsukuba,closed,0.089,0.22,0.39,0.1,0.0044,0.31,0.39,0.11,<0.01,<0.01,<0.01,14.3,nan,nan,nan,1522,2.5,nan,nan,0.5,nan
SPA-H,Tsukuba,closed,0.089,0.22,0.39,0.1,0.0044,0.31,0.39,0.11,<0.01,<0.01,<0.01,14.6,nan,3.4,4.8,1167,2.5,nan,nan,1,1126.53
SPA-H,Tsukuba,closed,0.089,0.22,0.39,0.1,0.0044,0.31,0.39,0.11,<0.01,<0.01,<0.01,16.3,75,3.1,5.8,726.5,2,4196.2,5561.04,2,189.12
SPA-H,Tsukuba,closed,0.089,0.22,0.39,0.1,0.0044,0.31,0.39,0.11,<0.01,<0.01,<0.01,15.8,80,3.4,5.4,997,1.5,5143.8,5920.18,3,232.59
SPA-H,Tsukuba,closed,0.089,0.22,0.39,0.1,0.0044,0.31,0.39,0.11,<0.01,<0.01,<0.01,15.5,74,2.1,2.5,1036.5,1.2,3969.6,6595,7,742.06
SPA-H,Tsukuba,closed,0.089,0.22,0.39,0.1,0.0044,0.31,0.39,0.11,<0.01,<0.01,<0.01,14.1,70,3.2,2.2,1201.6,0.8,4088.1,nan,10,411.08
Fe¹,Choshi,open,0.001,<0.003,<0.01,0.0008,0.0011,<0.01,<0.01,<0.01,<0.01,<0.01,<0.01,15,81,38.4,5.4,1725.5,3.4,5283.4,3778.85,0.5,2317.53
Fe¹,Choshi,open,0.001,<0.003,<0.01,0.0008,0.0011,<0.01,<0.01,<0.01,<0.01,<0.01,<0.01,15.5,77,26.1,4.7,1297.5,3.5,4533.7,4607.81,1,3842.24
Fe¹,Choshi,open,0.001,<0.003,<0.01,0.0008,0.0011,<0.01,<0.01,<0.01,<0.01,<0.01,<0.01,14.9,78,29.1,6.4,1431.5,3.4,4688,4669.29,2,7424.24
Fe¹,Choshi,open,0.001,<0.003,<0.01,0.0008,0.0011,<0.01,<0.01,<0.01,<0.01,<0.01,<0.01,14.3,78,39.8,8,1607,2.7,4648.8,5102.67,3,>16195
Fe¹,Choshi,open,0.001,<0.003,<0.01,0.0008,0.0011,<0.01,<0.01,<0.01,<0.01,<0.01,<0.01,13.9,77,19.3,4,1772,2.8,4431.4,5233.25,7,>16196
Fe¹,Choshi,open,0.001,<0.003,<0.01,0.0008,0.0011,<0.01,<0.01,<0.01,<0.01,<0.01,<0.01,14.6,76,24.4,4,1995,2.5,4286.1,5013.7,10,>16196
Fe-0.4%Cu,Choshi,open,0.001,<0.003,<0.01,0.0006,0.0007,<0.01,<0.01,<0.01,<0.01,<0.01,<0.01,15,81,38.4,5.4,1725.5,3.4,5283.4,3778.85,0.5,226.94
Fe-0.4%Cu,Choshi,open,0.001,<0.003,<0.01,0.0006,0.0007,<0.01,<0.01,<0.01,<0.01,<0.01,<0.01,15.5,77,26.1,4.7,1297.5,3.5,4533.7,4607.81,1,380.12
Fe-0.4%Cu,Choshi,open,0.001,<0.003,<0.01,0.0006,0.0007,<0.01,<0.01,<0.01,<0.01,<0.01,<0.01,14.9,78,29.1,6.4,1431.5,3.4,4688,4669.29,2,699.59
Fe-0.4%Cu,Choshi,open,0.001,<0.003,<0.01,0.0006,0.0007,<0.01,<0.01,<0.01,<0.01,<0.01,<0.01,14.3,78,39.8,8,1607,2.7,4648.8,5102.67,3,1063.59
Fe-0.4%Cu,Choshi,open,0.001,<0.003,<0.01,0.0006,0.0007,<0.01,<0.01,<0.01,<0.01,<0.01,<0.01,13.9,77,19.3,4,1772,2.8,4431.4,5233.25,7,2500.06
Fe-0.4%Cu,Choshi,open,0.001,<0.003,<0.01,0.0006,0.0007,<0.01,<0.01,<0.01,<0.01,<0.01,<0.01,14.6,76,24.4,4,1995,2.5,4286.1,5013.7,10,3116
Fe-1%Ni,Choshi,open,0.001,<0.003,0.01,0.0003,0.0001,<0.01,<0.01,0.98,<0.01,<0.01,<0.01,15,81,38.4,5.4,1725.5,3.4,5283.4,3778.85,0.5,183.12
Fe-1%Ni,Choshi,open,0.001,<0.003,0.01,0.0003,0.0001,<0.01,<0.01,0.98,<0.01,<0.01,<0.01,15.5,77,26.1,4.7,1297.5,3.5,4533.7,4607.81,1,291.65
Fe-1%Ni,Choshi,open,0.001,<0.003,0.01,0.0003,0.0001,<0.01,<0.01,0.98,<0.01,<0.01,<0.01,14.9,78,29.1,6.4,1431.5,3.4,4688,4669.29,2,415.18
Fe-1%Ni,Choshi,open,0.001,<0.003,0.01,0.0003,0.0001,<0.01,<0.01,0.98,<0.01,<0.01,<0.01,14.3,78,39.8,8,1607,2.7,4648.8,5102.67,3,551.35
Fe-1%Ni,Choshi,open,0.001,<0.003,0.01,0.0003,0.0001,<0.01,<0.01,0.98,<0.01,<0.01,<0.01,13.9,77,19.3,4,1772,2.8,4431.4,5233.25,7,995.59
Fe-1%Ni,Choshi,open,0.001,<0.003,0.01,0.0003,0.0001,<0.01,<0.01,0.98,<0.01,<0.01,<0.01,14.6,76,24.4,4,1995,2.5,4286.1,5013.7,10,1240.29
Fe-3%Ni,Choshi,open,0.001,<0.003,0.01,0.0005,0.0002,<0.01,<0.01,3.02,<0.01,<0.01,<0.01,15,81,38.4,5.4,1725.5,3.4,5283.4,3778.85,0.5,189.24
Fe-3%Ni,Choshi,open,0.001,<0.003,0.01,0.0005,0.0002,<0.01,<0.01,3.02,<0.01,<0.01,<0.01,15.5,77,26.1,4.7,1297.5,3.5,4533.7,4607.81,1,353.06
Fe-3%Ni,Choshi,open,0.001,<0.003,0.01,0.0005,0.0002,<0.01,<0.01,3.02,<0.01,<0.01,<0.01,14.9,78,29.1,6.4,1431.5,3.4,4688,4669.29,2,477.65
Fe-3%Ni,Choshi,open,0.001,<0.003,0.01,0.0005,0.0002,<0.01,<0.01,3.02,<0.01,<0.01,<0.01,14.3,78,39.8,8,1607,2.7,4648.8,5102.67,3,659.47
Fe-3%Ni,Choshi,open,0.001,<0.003,0.01,0.0005,0.0002,<0.01,<0.01,3.02,<0.01,<0.01,<0.01,13.9,77,19.3,4,1772,2.8,4431.4,5233.25,7,1845.65
Fe-3%Ni,Choshi,open,0.001,<0.003,0.01,0.0005,0.0002,<0.01,<0.01,3.02,<0.01,<0.01,<0.01,14.6,76,24.4,4,1995,2.5,4286.1,5013.7,10,692.47
Fe-5% Ni,Choshi,open,0.001,<0.003,0.11,0.0006,0.0003,<0.01,<0.01,5.01,<0.01,<0.01,<0.01,15,81,38.4,5.4,1725.5,3.4,5283.4,3778.85,0.5,114.71
Fe-5% Ni,Choshi,open,0.001,<0.003,0.11,0.0006,0.0003,<0.01,<0.01,5.01,<0.01,<0.01,<0.01,15.5,77,26.1,4.7,1297.5,3.5,4533.7,4607.81,1,160.12
Fe-5% Ni,Choshi,open,0.001,<0.003,0.11,0.0006,0.0003,<0.01,<0.01,5.01,<0.01,<0.01,<0.01,14.9,78,29.1,6.4,1431.5,3.4,4688,4669.29,2,231.76
Fe-5% Ni,Choshi,open,0.001,<0.003,0.11,0.0006,0.0003,<0.01,<0.01,5.01,<0.01,<0.01,<0.01,14.3,78,39.8,8,1607,2.7,4648.8,5102.67,3,295.24
Fe-5% Ni,Choshi,open,0.001,<0.003,0.11,0.0006,0.0003,<0.01,<0.01,5.01,<0.01,<0.01,<0.01,13.9,77,19.3,4,1772,2.8,4431.4,5233.25,7,471.59
Fe-5% Ni,Choshi,open,0.001,<0.003,0.11,0.0006,0.0003,<0.01,<0.01,5.01,<0.01,<0.01,<0.01,14.6,76,24.4,4,1995,2.5,4286.1,5013.7,10,550.53
Fe-9%Ni,Choshi,open,0.001,<0.003,0.12,0.0005,0.0003,<0.01,<0.01,9.06,<0.01,<0.01,<0.01,15,81,38.4,5.4,1725.5,3.4,5283.4,3778.85,0.5,71.82
Fe-9%Ni,Choshi,open,0.001,<0.003,0.12,0.0005,0.0003,<0.01,<0.01,9.06,<0.01,<0.01,<0.01,15.5,77,26.1,4.7,1297.5,3.5,4533.7,4607.81,1,104.94
Fe-9%Ni,Choshi,open,0.001,<0.003,0.12,0.0005,0.0003,<0.01,<0.01,9.06,<0.01,<0.01,<0.01,14.9,78,29.1,6.4,1431.5,3.4,4688,4669.29,2,166.88
Fe-9%Ni,Choshi,open,0.001,<0.003,0.12,0.0005,0.0003,<0.01,<0.01,9.06,<0.01,<0.01,<0.01,14.3,78,39.8,8,1607,2.7,4648.8,5102.67,3,230
Fe-9%Ni,Choshi,open,0.001,<0.003,0.12,0.0005,0.0003,<0.01,<0.01,9.06,<0.01,<0.01,<0.01,13.9,77,19.3,4,1772,2.8,4431.4,5233.25,7,369.94
Fe-9%Ni,Choshi,open,0.001,<0.003,0.12,0.0005,0.0003,<0.01,<0.01,9.06,<0.01,<0.01,<0.01,14.6,76,24.4,4,1995,2.5,4286.1,5013.7,10,425.88
Fe-1%Cr,Choshi,open,0.005,<0.003,0.07,0.001,0.0002,<0.01,1.01,<0.01,<0.01,<0.01,<0.01,15,81,38.4,5.4,1725.5,3.4,5283.4,3778.85,0.5,325.94
Fe-1%Cr,Choshi,open,0.005,<0.003,0.07,0.001,0.0002,<0.01,1.01,<0.01,<0.01,<0.01,<0.01,15.5,77,26.1,4.7,1297.5,3.5,4533.7,4607.81,1,446.29
Fe-1%Cr,Choshi,open,0.005,<0.003,0.07,0.001,0.0002,<0.01,1.01,<0.01,<0.01,<0.01,<0.01,14.9,78,29.1,6.4,1431.5,3.4,4688,4669.29,2,651.82
Fe-1%Cr,Choshi,open,0.005,<0.003,0.07,0.001,0.0002,<0.01,1.01,<0.01,<0.01,<0.01,<0.01,14.3,78,39.8,8,1607,2.7,4648.8,5102.67,3,1046.41
Fe-1%Cr,Choshi,open,0.005,<0.003,0.07,0.001,0.0002,<0.01,1.01,<0.01,<0.01,<0.01,<0.01,13.9,77,19.3,4,1772,2.8,4431.4,5233.25,7,2291.06
Fe-1%Cr,Choshi,open,0.005,<0.003,0.07,0.001,0.0002,<0.01,1.01,<0.01,<0.01,<0.01,<0.01,14.6,76,24.4,4,1995,2.5,4286.1,5013.7,10,2975.76
Fe-3%Cr,Choshi,open,0.006,<0.003,0.05,0.0007,0.0001,<0.01,3.05,<0.01,<0.01,<0.01,<0.01,15,81,38.4,5.4,1725.5,3.4,5283.4,3778.85,0.5,325.76
Fe-3%Cr,Choshi,open,0.006,<0.003,0.05,0.0007,0.0001,<0.01,3.05,<0.01,<0.01,<0.01,<0.01,15.5,77,26.1,4.7,1297.5,3.5,4533.7,4607.81,1,411.29
Fe-3%Cr,Choshi,open,0.006,<0.003,0.05,0.0007,0.0001,<0.01,3.05,<0.01,<0.01,<0.01,<0.01,14.9,78,29.1,6.4,1431.5,3.4,4688,4669.29,2,513.41
Fe-3%Cr,Choshi,open,0.006,<0.003,0.05,0.0007,0.0001,<0.01,3.05,<0.01,<0.01,<0.01,<0.01,14.3,78,39.8,8,1607,2.7,4648.8,5102.67,3,717.71
Fe-3%Cr,Choshi,open,0.006,<0.003,0.05,0.0007,0.0001,<0.01,3.05,<0.01,<0.01,<0.01,<0.01,13.9,77,19.3,4,1772,2.8,4431.4,5233.25,7,1609.35
Fe-3%Cr,Choshi,open,0.006,<0.003,0.05,0.0007,0.0001,<0.01,3.05,<0.01,<0.01,<0.01,<0.01,14.6,76,24.4,4,1995,2.5,4286.1,5013.7,10,1943.18
Fe-5%Cr,Choshi,open,0.003,<0.003,0.11,0.0003,0.001,<0.01,5.03,<0.01,<0.01,<0.01,<0.01,15,81,38.4,5.4,1725.5,3.4,5283.4,3778.85,0.5,205.71
Fe-5%Cr,Choshi,open,0.003,<0.003,0.11,0.0003,0.001,<0.01,5.03,<0.01,<0.01,<0.01,<0.01,15.5,77,26.1,4.7,1297.5,3.5,4533.7,4607.81,1,269.12
Fe-5%Cr,Choshi,open,0.003,<0.003,0.11,0.0003,0.001,<0.01,5.03,<0.01,<0.01,<0.01,<0.01,14.9,78,29.1,6.4,1431.5,3.4,4688,4669.29,2,330.29
Fe-5%Cr,Choshi,open,0.003,<0.003,0.11,0.0003,0.001,<0.01,5.03,<0.01,<0.01,<0.01,<0.01,14.3,78,39.8,8,1607,2.7,4648.8,5102.67,3,378.76
Fe-5%Cr,Choshi,open,0.003,<0.003,0.11,0.0003,0.001,<0.01,5.03,<0.01,<0.01,<0.01,<0.01,13.9,77,19.3,4,1772,2.8,4431.4,5233.25,7,602.06
Fe-5%Cr,Choshi,open,0.003,<0.003,0.11,0.0003,0.001,<0.01,5.03,<0.01,<0.01,<0.01,<0.01,14.6,76,24.4,4,1995,2.5,4286.1,5013.7,10,642.06
Fe-9%Cr,Choshi,open,0.003,<0.003,0.12,0.0002,0.0003,<0.01,9.03,<0.01,<0.01,<0.01,<0.01,15,81,38.4,5.4,1725.5,3.4,5283.4,3778.85,0.5,64.71
Fe-9%Cr,Choshi,open,0.003,<0.003,0.12,0.0002,0.0003,<0.01,9.03,<0.01,<0.01,<0.01,<0.01,15.5,77,26.1,4.7,1297.5,3.5,4533.7,4607.81,1,139.12
Fe-9%Cr,Choshi,open,0.003,<0.003,0.12,0.0002,0.0003,<0.01,9.03,<0.01,<0.01,<0.01,<0.01,14.9,78,29.1,6.4,1431.5,3.4,4688,4669.29,2,111.12
Fe-9%Cr,Choshi,open,0.003,<0.003,0.12,0.0002,0.0003,<0.01,9.03,<0.01,<0.01,<0.01,<0.01,14.3,78,39.8,8,1607,2.7,4648.8,5102.67,3,144.88
Fe-9%Cr,Choshi,open,0.003,<0.003,0.12,0.0002,0.0003,<0.01,9.03,<0.01,<0.01,<0.01,<0.01,13.9,77,19.3,4,1772,2.8,4431.4,5233.25,7,246.12
Fe-9%Cr,Choshi,open,0.003,<0.003,0.12,0.0002,0.0003,<0.01,9.03,<0.01,<0.01,<0.01,<0.01,14.6,76,24.4,4,1995,2.5,4286.1,5013.7,10,209.59
SM490A,Choshi,open,0.15,0.285,1.45,0.02,0.0039,<0.01,0.05,<0.01,<0.01,<0.01,<0.01,15,81,38.4,5.4,1725.5,3.4,5283.4,3778.85,0.5,1205
SM490A,Choshi,open,0.15,0.285,1.45,0.02,0.0039,<0.01,0.05,<0.01,<0.01,<0.01,<0.01,15.5,77,26.1,4.7,1297.5,3.5,4533.7,4607.81,1,809.12
SM490A,Choshi,open,0.15,0.285,1.45,0.02,0.0039,<0.01,0.05,<0.01,<0.01,<0.01,<0.01,14.9,78,29.1,6.4,1431.5,3.4,4688,4669.29,2,551.65
SM490A,Choshi,open,0.15,0.285,1.45,0.02,0.0039,<0.01,0.05,<0.01,<0.01,<0.01,<0.01,14.3,78,39.8,8,1607,2.7,4648.8,5102.67,3,1105.71
SM490A,Choshi,open,0.15,0.285,1.45,0.02,0.0039,<0.01,0.05,<0.01,<0.01,<0.01,<0.01,13.9,77,19.3,4,1772,2.8,4431.4,5233.25,7,1481.06
SM490A,Choshi,open,0.15,0.285,1.45,0.02,0.0039,<0.01,0.05,<0.01,<0.01,<0.01,<0.01,14.6,76,24.4,4,1995,2.5,4286.1,5013.7,10,1354.88
SMA490,Choshi,open,0.12,0.36,1.08,0.013,0.0076,0.34,0.51,0.08,<0.01,<0.01,<0.01,15,81,38.4,5.4,1725.5,3.4,5283.4,3778.85,0.5,214.12
SMA490,Choshi,open,0.12,0.36,1.08,0.013,0.0076,0.34,0.51,0.08,<0.01,<0.01,<0.01,15.5,77,26.1,4.7,1297.5,3.5,4533.7,4607.81,1,649.65
SMA490,Choshi,open,0.12,0.36,1.08,0.013,0.0076,0.34,0.51,0.08,<0.01,<0.01,<0.01,14.9,78,29.1,6.4,1431.5,3.4,4688,4669.29,2,379.29
SMA490,Choshi,open,0.12,0.36,1.08,0.013,0.0076,0.34,0.51,0.08,<0.01,<0.01,<0.01,14.3,78,39.8,8,1607,2.7,4648.8,5102.67,3,549.12
SMA490,Choshi,open,0.12,0.36,1.08,0.013,0.0076,0.34,0.51,0.08,<0.01,<0.01,<0.01,13.9,77,19.3,4,1772,2.8,4431.4,5233.25,7,949.71
SMA490,Choshi,open,0.12,0.36,1.08,0.013,0.0076,0.34,0.51,0.08,<0.01,<0.01,<0.01,14.6,76,24.4,4,1995,2.5,4286.1,5013.7,10,1058.94
SPA-H,Choshi,open,0.089,0.22,0.39,0.1,0.0044,0.31,0.39,0.11,<0.01,<0.01,<0.01,15,81,38.4,5.4,1725.5,3.4,5283.4,3778.85,0.5,623.59
SPA-H,Choshi,open,0.089,0.22,0.39,0.1,0.0044,0.31,0.39,0.11,<0.01,<0.01,<0.01,15.5,77,26.1,4.7,1297.5,3.5,4533.7,4607.81,1,795.24
SPA-H,Choshi,open,0.089,0.22,0.39,0.1,0.0044,0.31,0.39,0.11,<0.01,<0.01,<0.01,14.9,78,29.1,6.4,1431.5,3.4,4688,4669.29,2,374.65
SPA-H,Choshi,open,0.089,0.22,0.39,0.1,0.0044,0.31,0.39,0.11,<0.01,<0.01,<0.01,14.3,78,39.8,8,1607,2.7,4648.8,5102.67,3,1024.18
SPA-H,Choshi,open,0.089,0.22,0.39,0.1,0.0044,0.31,0.39,0.11,<0.01,<0.01,<0.01,13.9,77,19.3,4,1772,2.8,4431.4,5233.25,7,nan
SPA-H,Choshi,open,0.089,0.22,0.39,0.1,0.0044,0.31,0.39,0.11,<0.01,<0.01,<0.01,14.6,76,24.4,4,1995,2.5,4286.1,5013.7,10,1348.35
Fe¹,Choshi,closed,0.001,<0.003,<0.01,0.0008,0.0011,<0.01,<0.01,<0.01,<0.01,<0.01,<0.01,15,81,38.4,5.4,1725.5,3.4,5283.4,3778.85,0.5,606.94
Fe¹,Choshi,closed,0.001,<0.003,<0.01,0.0008,0.0011,<0.01,<0.01,<0.01,<0.01,<0.01,<0.01,15.5,77,26.1,4.7,1297.5,3.5,4533.7,4607.81,1,1198.53
Fe¹,Choshi,closed,0.001,<0.003,<0.01,0.0008,0.0011,<0.01,<0.01,<0.01,<0.01,<0.01,<0.01,14.9,78,29.1,6.4,1431.5,3.4,4688,4669.29,2,1541.65
Fe¹,Choshi,closed,0.001,<0.003,<0.01,0.0008,0.0011,<0.01,<0.01,<0.01,<0.01,<0.01,<0.01,14.3,78,39.8,8,1607,2.7,4648.8,5102.67,3,>16172
Fe¹,Choshi,closed,0.001,<0.003,<0.01,0.0008,0.0011,<0.01,<0.01,<0.01,<0.01,<0.01,<0.01,13.9,77,19.3,4,1772,2.8,4431.4,5233.25,7,>16168
Fe¹,Choshi,closed,0.001,<0.003,<0.01,0.0008,0.0011,<0.01,<0.01,<0.01,<0.01,<0.01,<0.01,14.6,76,24.4,4,1995,2.5,4286.1,5013.7,10,>16167
Fe-0.4%Cu,Choshi,closed,0.001,<0.003,<0.01,0.0006,0.0007,<0.01,<0.01,<0.01,<0.01,<0.01,<0.01,15,81,38.4,5.4,1725.5,3.4,5283.4,3778.85,0.5,269.41
Fe-0.4%Cu,Choshi,closed,0.001,<0.003,<0.01,0.0006,0.0007,<0.01,<0.01,<0.01,<0.01,<0.01,<0.01,15.5,77,26.1,4.7,1297.5,3.5,4533.7,4607.81,1,478
Fe-0.4%Cu,Choshi,closed,0.001,<0.003,<0.01,0.0006,0.0007,<0.01,<0.01,<0.01,<0.01,<0.01,<0.01,14.9,78,29.1,6.4,1431.5,3.4,4688,4669.29,2,856.06
Fe-0.4%Cu,Choshi,closed,0.001,<0.003,<0.01,0.0006,0.0007,<0.01,<0.01,<0.01,<0.01,<0.01,<0.01,14.3,78,39.8,8,1607,2.7,4648.8,5102.67,3,1424.71
Fe-0.4%Cu,Choshi,closed,0.001,<0.003,<0.01,0.0006,0.0007,<0.01,<0.01,<0.01,<0.01,<0.01,<0.01,13.9,77,19.3,4,1772,2.8,4431.4,5233.25,7,5163.35
Fe-0.4%Cu,Choshi,closed,0.001,<0.003,<0.01,0.0006,0.0007,<0.01,<0.01,<0.01,<0.01,<0.01,<0.01,14.6,76,24.4,4,1995,2.5,4286.1,5013.7,10,10056.94
Fe-1%Ni,Choshi,closed,0.001,<0.003,0.01,0.0003,0.0001,<0.01,<0.01,0.98,<0.01,<0.01,<0.01,15,81,38.4,5.4,1725.5,3.4,5283.4,3778.85,0.5,225.76
Fe-1%Ni,Choshi,closed,0.001,<0.003,0.01,0.0003,0.0001,<0.01,<0.01,0.98,<0.01,<0.01,<0.01,15.5,77,26.1,4.7,1297.5,3.5,4533.7,4607.81,1,381.41
Fe-1%Ni,Choshi,closed,0.001,<0.003,0.01,0.0003,0.0001,<0.01,<0.01,0.98,<0.01,<0.01,<0.01,14.9,78,29.1,6.4,1431.5,3.4,4688,4669.29,2,628.94
Fe-1%Ni,Choshi,closed,0.001,<0.003,0.01,0.0003,0.0001,<0.01,<0.01,0.98,<0.01,<0.01,<0.01,14.3,78,39.8,8,1607,2.7,4648.8,5102.67,3,993.82
Fe-1%Ni,Choshi,closed,0.001,<0.003,0.01,0.0003,0.0001,<0.01,<0.01,0.98,<0.01,<0.01,<0.01,13.9,77,19.3,4,1772,2.8,4431.4,5233.25,7,2983.76
Fe-1%Ni,Choshi,closed,0.001,<0.003,0.01,0.0003,0.0001,<0.01,<0.01,0.98,<0.01,<0.01,<0.01,14.6,76,24.4,4,1995,2.5,4286.1,5013.7,10,6220.71
Fe-3%Ni,Choshi,closed,0.001,<0.003,0.01,0.0005,0.0002,<0.01,<0.01,3.02,<0.01,<0.01,<0.01,15,81,38.4,5.4,1725.5,3.4,5283.4,3778.85,0.5,136.76
Fe-3%Ni,Choshi,closed,0.001,<0.003,0.01,0.0005,0.0002,<0.01,<0.01,3.02,<0.01,<0.01,<0.01,15.5,77,26.1,4.7,1297.5,3.5,4533.7,4607.81,1,206.35
Fe-3%Ni,Choshi,closed,0.001,<0.003,0.01,0.0005,0.0002,<0.01,<0.01,3.02,<0.01,<0.01,<0.01,14.9,78,29.1,6.4,1431.5,3.4,4688,4669.29,2,285.94
Fe-3%Ni,Choshi,closed,0.001,<0.003,0.01,0.0005,0.0002,<0.01,<0.01,3.02,<0.01,<0.01,<0.01,14.3,78,39.8,8,1607,2.7,4648.8,5102.67,3,368.82
Fe-3%Ni,Choshi,closed,0.001,<0.003,0.01,0.0005,0.0002,<0.01,<0.01,3.02,<0.01,<0.01,<0.01,13.9,77,19.3,4,1772,2.8,4431.4,5233.25,7,2603.59
Fe-3%Ni,Choshi,closed,0.001,<0.003,0.01,0.0005,0.0002,<0.01,<0.01,3.02,<0.01,<0.01,<0.01,14.6,76,24.4,4,1995,2.5,4286.1,5013.7,10,3329.477
Fe-5% Ni,Choshi,closed,0.001,<0.003,0.11,0.0006,0.0003,<0.01,<0.01,5.01,<0.01,<0.01,<0.01,15,81,38.4,5.4,1725.5,3.4,5283.4,3778.85,0.5,157.53
Fe-5% Ni,Choshi,closed,0.001,<0.003,0.11,0.0006,0.0003,<0.01,<0.01,5.01,<0.01,<0.01,<0.01,15.5,77,26.1,4.7,1297.5,3.5,4533.7,4607.81,1,289.24
Fe-5% Ni,Choshi,closed,0.001,<0.003,0.11,0.0006,0.0003,<0.01,<0.01,5.01,<0.01,<0.01,<0.01,14.9,78,29.1,6.4,1431.5,3.4,4688,4669.29,2,405.88
Fe-5% Ni,Choshi,closed,0.001,<0.003,0.11,0.0006,0.0003,<0.01,<0.01,5.01,<0.01,<0.01,<0.01,14.3,78,39.8,8,1607,2.7,4648.8,5102.67,3,586.35
Fe-5% Ni,Choshi,closed,0.001,<0.003,0.11,0.0006,0.0003,<0.01,<0.01,5.01,<0.01,<0.01,<0.01,13.9,77,19.3,4,1772,2.8,4431.4,5233.25,7,1357.71
Fe-5% Ni,Choshi,closed,0.001,<0.003,0.11,0.0006,0.0003,<0.01,<0.01,5.01,<0.01,<0.01,<0.01,14.6,76,24.4,4,1995,2.5,4286.1,5013.7,10,1926.35
Fe-9%Ni,Choshi,closed,0.001,<0.003,0.12,0.0005,0.0003,<0.01,<0.01,9.06,<0.01,<0.01,<0.01,15,81,38.4,5.4,1725.5,3.4,5283.4,3778.85,0.5,133.41
Fe-9%Ni,Choshi,closed,0.001,<0.003,0.12,0.0005,0.0003,<0.01,<0.01,9.06,<0.01,<0.01,<0.01,15.5,77,26.1,4.7,1297.5,3.5,4533.7,4607.81,1,243
Fe-9%Ni,Choshi,closed,0.001,<0.003,0.12,0.0005,0.0003,<0.01,<0.01,9.06,<0.01,<0.01,<0.01,14.9,78,29.1,6.4,1431.5,3.4,4688,4669.29,2,330
Fe-9%Ni,Choshi,closed,0.001,<0.003,0.12,0.0005,0.0003,<0.01,<0.01,9.06,<0.01,<0.01,<0.01,14.3,78,39.8,8,1607,2.7,4648.8,5102.67,3,415.71
Fe-9%Ni,Choshi,closed,0.001,<0.003,0.12,0.0005,0.0003,<0.01,<0.01,9.06,<0.01,<0.01,<0.01,13.9,77,19.3,4,1772,2.8,4431.4,5233.25,7,841.71
Fe-9%Ni,Choshi,closed,0.001,<0.003,0.12,0.0005,0.0003,<0.01,<0.01,9.06,<0.01,<0.01,<0.01,14.6,76,24.4,4,1995,2.5,4286.1,5013.7,10,1099
Fe-1%Cr,Choshi,closed,0.005,<0.003,0.07,0.001,0.0002,<0.01,1.01,<0.01,<0.01,<0.01,<0.01,15,81,38.4,5.4,1725.5,3.4,5283.4,3778.85,0.5,269.12
Fe-1%Cr,Choshi,closed,0.005,<0.003,0.07,0.001,0.0002,<0.01,1.01,<0.01,<0.01,<0.01,<0.01,15.5,77,26.1,4.7,1297.5,3.5,4533.7,4607.81,1,570.35
Fe-1%Cr,Choshi,closed,0.005,<0.003,0.07,0.001,0.0002,<0.01,1.01,<0.01,<0.01,<0.01,<0.01,14.9,78,29.1,6.4,1431.5,3.4,4688,4669.29,2,948.53
Fe-1%Cr,Choshi,closed,0.005,<0.003,0.07,0.001,0.0002,<0.01,1.01,<0.01,<0.01,<0.01,<0.01,14.3,78,39.8,8,1607,2.7,4648.8,5102.67,3,1793
Fe-1%Cr,Choshi,closed,0.005,<0.003,0.07,0.001,0.0002,<0.01,1.01,<0.01,<0.01,<0.01,<0.01,13.9,77,19.3,4,1772,2.8,4431.4,5233.25,7,5562.82
Fe-1%Cr,Choshi,closed,0.005,<0.003,0.07,0.001,0.0002,<0.01,1.01,<0.01,<0.01,<0.01,<0.01,14.6,76,24.4,4,1995,2.5,4286.1,5013.7,10,10222.47
Fe-3%Cr,Choshi,closed,0.006,<0.003,0.05,0.0007,0.0001,<0.01,3.05,<0.01,<0.01,<0.01,<0.01,15,81,38.4,5.4,1725.5,3.4,5283.4,3778.85,0.5,259.24
Fe-3%Cr,Choshi,closed,0.006,<0.003,0.05,0.0007,0.0001,<0.01,3.05,<0.01,<0.01,<0.01,<0.01,15.5,77,26.1,4.7,1297.5,3.5,4533.7,4607.81,1,499.47
Fe-3%Cr,Choshi,closed,0.006,<0.003,0.05,0.0007,0.0001,<0.01,3.05,<0.01,<0.01,<0.01,<0.01,14.9,78,29.1,6.4,1431.5,3.4,4688,4669.29,2,695.06
Fe-3%Cr,Choshi,closed,0.006,<0.003,0.05,0.0007,0.0001,<0.01,3.05,<0.01,<0.01,<0.01,<0.01,14.3,78,39.8,8,1607,2.7,4648.8,5102.67,3,1054.76
Fe-3%Cr,Choshi,closed,0.006,<0.003,0.05,0.0007,0.0001,<0.01,3.05,<0.01,<0.01,<0.01,<0.01,13.9,77,19.3,4,1772,2.8,4431.4,5233.25,7,2991.82
Fe-3%Cr,Choshi,closed,0.006,<0.003,0.05,0.0007,0.0001,<0.01,3.05,<0.01,<0.01,<0.01,<0.01,14.6,76,24.4,4,1995,2.5,4286.1,5013.7,10,6130.24
Fe-5%Cr,Choshi,closed,0.003,<0.003,0.11,0.0003,0.001,<0.01,5.03,<0.01,<0.01,<0.01,<0.01,15,81,38.4,5.4,1725.5,3.4,5283.4,3778.85,0.5,216.06
Fe-5%Cr,Choshi,closed,0.003,<0.003,0.11,0.0003,0.001,<0.01,5.03,<0.01,<0.01,<0.01,<0.01,15.5,77,26.1,4.7,1297.5,3.5,4533.7,4607.81,1,417.88
Fe-5%Cr,Choshi,closed,0.003,<0.003,0.11,0.0003,0.001,<0.01,5.03,<0.01,<0.01,<0.01,<0.01,14.9,78,29.1,6.4,1431.5,3.4,4688,4669.29,2,537.41
Fe-5%Cr,Choshi,closed,0.003,<0.003,0.11,0.0003,0.001,<0.01,5.03,<0.01,<0.01,<0.01,<0.01,14.3,78,39.8,8,1607,2.7,4648.8,5102.67,3,708
Fe-5%Cr,Choshi,closed,0.003,<0.003,0.11,0.0003,0.001,<0.01,5.03,<0.01,<0.01,<0.01,<0.01,13.9,77,19.3,4,1772,2.8,4431.4,5233.25,7,1518.76
Fe-5%Cr,Choshi,closed,0.003,<0.003,0.11,0.0003,0.001,<0.01,5.03,<0.01,<0.01,<0.01,<0.01,14.6,76,24.4,4,1995,2.5,4286.1,5013.7,10,2844
Fe-9%Cr,Choshi,closed,0.003,<0.003,0.12,0.0002,0.0003,<0.01,9.03,<0.01,<0.01,<0.01,<0.01,15,81,38.4,5.4,1725.5,3.4,5283.4,3778.85,0.5,99.41
Fe-9%Cr,Choshi,closed,0.003,<0.003,0.12,0.0002,0.0003,<0.01,9.03,<0.01,<0.01,<0.01,<0.01,15.5,77,26.1,4.7,1297.5,3.5,4533.7,4607.81,1,269.35
Fe-9%Cr,Choshi,closed,0.003,<0.003,0.12,0.0002,0.0003,<0.01,9.03,<0.01,<0.01,<0.01,<0.01,14.9,78,29.1,6.4,1431.5,3.4,4688,4669.29,2,289.29
Fe-9%Cr,Choshi,closed,0.003,<0.003,0.12,0.0002,0.0003,<0.01,9.03,<0.01,<0.01,<0.01,<0.01,14.3,78,39.8,8,1607,2.7,4648.8,5102.67,3,389.06
Fe-9%Cr,Choshi,closed,0.003,<0.003,0.12,0.0002,0.0003,<0.01,9.03,<0.01,<0.01,<0.01,<0.01,13.9,77,19.3,4,1772,2.8,4431.4,5233.25,7,752.24
Fe-9%Cr,Choshi,closed,0.003,<0.003,0.12,0.0002,0.0003,<0.01,9.03,<0.01,<0.01,<0.01,<0.01,14.6,76,24.4,4,1995,2.5,4286.1,5013.7,10,982
SM490A,Choshi,closed,0.15,0.285,1.45,0.02,0.0039,<0.01,0.05,<0.01,<0.01,<0.01,<0.01,15,81,38.4,5.4,1725.5,3.4,5283.4,3778.85,0.5,376.47
SM490A,Choshi,closed,0.15,0.285,1.45,0.02,0.0039,<0.01,0.05,<0.01,<0.01,<0.01,<0.01,15.5,77,26.1,4.7,1297.5,3.5,4533.7,4607.81,1,1202.79
SM490A,Choshi,closed,0.15,0.285,1.45,0.02,0.0039,<0.01,0.05,<0.01,<0.01,<0.01,<0.01,14.9,78,29.1,6.4,1431.5,3.4,4688,4669.29,2,923.62
SM490A,Choshi,closed,0.15,0.285,1.45,0.02,0.0039,<0.01,0.05,<0.01,<0.01,<0.01,<0.01,14.3,78,39.8,8,1607,2.7,4648.8,5102.67,3,1894.59
SM490A,Choshi,closed,0.15,0.285,1.45,0.02,0.0039,<0.01,0.05,<0.01,<0.01,<0.01,<0.01,13.9,77,19.3,4,1772,2.8,4431.4,5233.25,7,5341.65
SM490A,Choshi,closed,0.15,0.285,1.45,0.02,0.0039,<0.01,0.05,<0.01,<0.01,<0.01,<0.01,14.6,76,24.4,4,1995,2.5,4286.1,5013.7,10,6489.47
SMA490,Choshi,closed,0.12,0.36,1.08,0.013,0.0076,0.34,0.51,0.08,<0.01,<0.01,<0.01,15,81,38.4,5.4,1725.5,3.4,5283.4,3778.85,0.5,250.12
SMA490,Choshi,closed,0.12,0.36,1.08,0.013,0.0076,0.34,0.51,0.08,<0.01,<0.01,<0.01,15.5,77,26.1,4.7,1297.5,3.5,4533.7,4607.81,1,959.82
SMA490,Choshi,closed,0.12,0.36,1.08,0.013,0.0076,0.34,0.51,0.08,<0.01,<0.01,<0.01,14.9,78,29.1,6.4,1431.5,3.4,4688,4669.29,2,636.18
SMA490,Choshi,closed,0.12,0.36,1.08,0.013,0.0076,0.34,0.51,0.08,<0.01,<0.01,<0.01,14.3,78,39.8,8,1607,2.7,4648.8,5102.67,3,1129.71
SMA490,Choshi,closed,0.12,0.36,1.08,0.013,0.0076,0.34,0.51,0.08,<0.01,<0.01,<0.01,13.9,77,19.3,4,1772,2.8,4431.4,5233.25,7,2810.47
SMA490,Choshi,closed,0.12,0.36,1.08,0.013,0.0076,0.34,0.51,0.08,<0.01,<0.01,<0.01,14.6,76,24.4,4,1995,2.5,4286.1,5013.7,10,6567.06
SPA-H,Choshi,closed,0.089,0.22,0.39,0.1,0.0044,0.31,0.39,0.11,<0.01,<0.01,<0.01,15,81,38.4,5.4,1725.5,3.4,5283.4,3778.85,0.5,nan
SPA-H,Choshi,closed,0.089,0.22,0.39,0.1,0.0044,0.31,0.39,0.11,<0.01,<0.01,<0.01,15.5,77,26.1,4.7,1297.5,3.5,4533.7,4607.81,1,nan
SPA-H,Choshi,closed,0.089,0.22,0.39,0.1,0.0044,0.31,0.39,0.11,<0.01,<0.01,<0.01,14.9,78,29.1,6.4,1431.5,3.4,4688,4669.29,2,nan
SPA-H,Choshi,closed,0.089,0.22,0.39,0.1,0.0044,0.31,0.39,0.11,<0.01,<0.01,<0.01,14.3,78,39.8,8,1607,2.7,4648.8,5102.67,3,1707.94
SPA-H,Choshi,closed,0.089,0.22,0.39,0.1,0.0044,0.31,0.39,0.11,<0.01,<0.01,<0.01,13.9,77,19.3,4,1772,2.8,4431.4,5233.25,7,nan
SPA-H,Choshi,closed,0.089,0.22,0.39,0.1,0.0044,0.31,0.39,0.11,<0.01,<0.01,<0.01,14.6,76,24.4,4,1995,2.5,4286.1,5013.7,10,6954.53
Fe¹,Miyakojima,open,0.001,<0.003,<0.01,0.0008,0.0011,<0.01,<0.01,<0.01,<0.01,<0.01,<0.01,24.3,78,44.2,2.3,2635.5,4.6,5091.8,5173.67,0.5,1223.35
Fe¹,Miyakojima,open,0.001,<0.003,<0.01,0.0008,0.0011,<0.01,<0.01,<0.01,<0.01,<0.01,<0.01,23.6,80,47.4,1.9,1992.5,4.8,5405.3,5284.25,1,4245.06
Fe¹,Miyakojima,open,0.001,<0.003,<0.01,0.0008,0.0011,<0.01,<0.01,<0.01,<0.01,<0.01,<0.01,23.7,81,35.2,2.6,2335,4.5,5612.4,5163.57,2,8535.12
Fe¹,Miyakojima,open,0.001,<0.003,<0.01,0.0008,0.0011,<0.01,<0.01,<0.01,<0.01,<0.01,<0.01,24,78,48.8,2.1,2246,3.9,4991.4,5560.44,3,>16206
Fe¹,Miyakojima,open,0.001,<0.003,<0.01,0.0008,0.0011,<0.01,<0.01,<0.01,<0.01,<0.01,<0.01,23.6,79,52.1,3,1664,4.5,5193.8,4297.53,7,>16210
Fe¹,Miyakojima,open,0.001,<0.003,<0.01,0.0008,0.0011,<0.01,<0.01,<0.01,<0.01,<0.01,<0.01,24,76,52.6,2.7,1761,3.8,4582.7,5592.04,10,>16185
Fe-0.4%Cu,Miyakojima,open,0.001,<0.003,<0.01,0.0006,0.0007,<0.01,<0.01,<0.01,<0.01,<0.01,<0.01,24.3,78,44.2,2.3,2635.5,4.6,5091.8,5173.67,0.5,nan
Fe-0.4%Cu,Miyakojima,open,0.001,<0.003,<0.01,0.0006,0.0007,<0.01,<0.01,<0.01,<0.01,<0.01,<0.01,23.6,80,47.4,1.9,1992.5,4.8,5405.3,5284.25,1,458.24
Fe-0.4%Cu,Miyakojima,open,0.001,<0.003,<0.01,0.0006,0.0007,<0.01,<0.01,<0.01,<0.01,<0.01,<0.01,23.7,81,35.2,2.6,2335,4.5,5612.4,5163.57,2,855.53
Fe-0.4%Cu,Miyakojima,open,0.001,<0.003,<0.01,0.0006,0.0007,<0.01,<0.01,<0.01,<0.01,<0.01,<0.01,24,78,48.8,2.1,2246,3.9,4991.4,5560.44,3,2195.94
Fe-0.4%Cu,Miyakojima,open,0.001,<0.003,<0.01,0.0006,0.0007,<0.01,<0.01,<0.01,<0.01,<0.01,<0.01,23.6,79,52.1,3,1664,4.5,5193.8,4297.53,7,8092.35
Fe-0.4%Cu,Miyakojima,open,0.001,<0.003,<0.01,0.0006,0.0007,<0.01,<0.01,<0.01,<0.01,<0.01,<0.01,24,76,52.6,2.7,1761,3.8,4582.7,5592.04,10,155591.71
Fe-1%Ni,Miyakojima,open,0.001,<0.003,0.01,0.0003,0.0001,<0.01,<0.01,0.98,<0.01,<0.01,<0.01,24.3,78,44.2,2.3,2635.5,4.6,5091.8,5173.67,0.5,179.35
Fe-1%Ni,Miyakojima,open,0.001,<0.003,0.01,0.0003,0.0001,<0.01,<0.01,0.98,<0.01,<0.01,<0.01,23.6,80,47.4,1.9,1992.5,4.8,5405.3,5284.25,1,302.53
Fe-1%Ni,Miyakojima,open,0.001,<0.003,0.01,0.0003,0.0001,<0.01,<0.01,0.98,<0.01,<0.01,<0.01,23.7,81,35.2,2.6,2335,4.5,5612.4,5163.57,2,428.65
Fe-1%Ni,Miyakojima,open,0.001,<0.003,0.01,0.0003,0.0001,<0.01,<0.01,0.98,<0.01,<0.01,<0.01,24,78,48.8,2.1,2246,3.9,4991.4,5560.44,3,820.53
Fe-1%Ni,Miyakojima,open,0.001,<0.003,0.01,0.0003,0.0001,<0.01,<0.01,0.98,<0.01,<0.01,<0.01,23.6,79,52.1,3,1664,4.5,5193.8,4297.53,7,2117
Fe-1%Ni,Miyakojima,open,0.001,<0.003,0.01,0.0003,0.0001,<0.01,<0.01,0.98,<0.01,<0.01,<0.01,24,76,52.6,2.7,1761,3.8,4582.7,5592.04,10,5911.06
Fe-3%Ni,Miyakojima,open,0.001,<0.003,0.01,0.0005,0.0002,<0.01,<0.01,3.02,<0.01,<0.01,<0.01,24.3,78,44.2,2.3,2635.5,4.6,5091.8,5173.67,0.5,138.24
Fe-3%Ni,Miyakojima,open,0.001,<0.003,0.01,0.0005,0.0002,<0.01,<0.01,3.02,<0.01,<0.01,<0.01,23.6,80,47.4,1.9,1992.5,4.8,5405.3,5284.25,1,227.76
Fe-3%Ni,Miyakojima,open,0.001,<0.003,0.01,0.0005,0.0002,<0.01,<0.01,3.02,<0.01,<0.01,<0.01,23.7,81,35.2,2.6,2335,4.5,5612.4,5163.57,2,317.24
Fe-3%Ni,Miyakojima,open,0.001,<0.003,0.01,0.0005,0.0002,<0.01,<0.01,3.02,<0.01,<0.01,<0.01,24,78,48.8,2.1,2246,3.9,4991.4,5560.44,3,501
Fe-3%Ni,Miyakojima,open,0.001,<0.003,0.01,0.0005,0.0002,<0.01,<0.01,3.02,<0.01,<0.01,<0.01,23.6,79,52.1,3,1664,4.5,5193.8,4297.53,7,965.12
Fe-3%Ni,Miyakojima,open,0.001,<0.003,0.01,0.0005,0.0002,<0.01,<0.01,3.02,<0.01,<0.01,<0.01,24,76,52.6,2.7,1761,3.8,4582.7,5592.04,10,1916.12
Fe-5% Ni,Miyakojima,open,0.001,<0.003,0.11,0.0006,0.0003,<0.01,<0.01,5.01,<0.01,<0.01,<0.01,24.3,78,44.2,2.3,2635.5,4.6,5091.8,5173.67,0.5,117
Fe-5% Ni,Miyakojima,open,0.001,<0.003,0.11,0.0006,0.0003,<0.01,<0.01,5.01,<0.01,<0.01,<0.01,23.6,80,47.4,1.9,1992.5,4.8,5405.3,5284.25,1,189.04
Fe-5% Ni,Miyakojima,open,0.001,<0.003,0.11,0.0006,0.0003,<0.01,<0.01,5.01,<0.01,<0.01,<0.01,23.7,81,35.2,2.6,2335,4.5,5612.4,5163.57,2,267.59
Fe-5% Ni,Miyakojima,open,0.001,<0.003,0.11,0.0006,0.0003,<0.01,<0.01,5.01,<0.01,<0.01,<0.01,24,78,48.8,2.1,2246,3.9,4991.4,5560.44,3,395.41
Fe-5% Ni,Miyakojima,open,0.001,<0.003,0.11,0.0006,0.0003,<0.01,<0.01,5.01,<0.01,<0.01,<0.01,23.6,79,52.1,3,1664,4.5,5193.8,4297.53,7,697.94
Fe-5% Ni,Miyakojima,open,0.001,<0.003,0.11,0.0006,0.0003,<0.01,<0.01,5.01,<0.01,<0.01,<0.01,24,76,52.6,2.7,1761,3.8,4582.7,5592.04,10,982.41
Fe-9%Ni,Miyakojima,open,0.001,<0.003,0.12,0.0005,0.0003,<0.01,<0.01,9.06,<0.01,<0.01,<0.01,24.3,78,44.2,2.3,2635.5,4.6,5091.8,5173.67,0.5,96.82
Fe-9%Ni,Miyakojima,open,0.001,<0.003,0.12,0.0005,0.0003,<0.01,<0.01,9.06,<0.01,<0.01,<0.01,23.6,80,47.4,1.9,1992.5,4.8,5405.3,5284.25,1,147.12
Fe-9%Ni,Miyakojima,open,0.001,<0.003,0.12,0.0005,0.0003,<0.01,<0.01,9.06,<0.01,<0.01,<0.01,23.7,81,35.2,2.6,2335,4.5,5612.4,5163.57,2,205.35
Fe-9%Ni,Miyakojima,open,0.001,<0.003,0.12,0.0005,0.0003,<0.01,<0.01,9.06,<0.01,<0.01,<0.01,24,78,48.8,2.1,2246,3.9,4991.4,5560.44,3,307.47
Fe-9%Ni,Miyakojima,open,0.001,<0.003,0.12,0.0005,0.0003,<0.01,<0.01,9.06,<0.01,<0.01,<0.01,23.6,79,52.1,3,1664,4.5,5193.8,4297.53,7,520.29
Fe-9%Ni,Miyakojima,open,0.001,<0.003,0.12,0.0005,0.0003,<0.01,<0.01,9.06,<0.01,<0.01,<0.01,24,76,52.6,2.7,1761,3.8,4582.7,5592.04,10,633
Fe-1%Cr,Miyakojima,open,0.005,<0.003,0.07,0.001,0.0002,<0.01,1.01,<0.01,<0.01,<0.01,<0.01,24.3,78,44.2,2.3,2635.5,4.6,5091.8,5173.67,0.5,322.24
Fe-1%Cr,Miyakojima,open,0.005,<0.003,0.07,0.001,0.0002,<0.01,1.01,<0.01,<0.01,<0.01,<0.01,23.6,80,47.4,1.9,1992.5,4.8,5405.3,5284.25,1,500.94
Fe-1%Cr,Miyakojima,open,0.005,<0.003,0.07,0.001,0.0002,<0.01,1.01,<0.01,<0.01,<0.01,<0.01,23.7,81,35.2,2.6,2335,4.5,5612.4,5163.57,2,622.41
Fe-1%Cr,Miyakojima,open,0.005,<0.003,0.07,0.001,0.0002,<0.01,1.01,<0.01,<0.01,<0.01,<0.01,24,78,48.8,2.1,2246,3.9,4991.4,5560.44,3,1417.59
Fe-1%Cr,Miyakojima,open,0.005,<0.003,0.07,0.001,0.0002,<0.01,1.01,<0.01,<0.01,<0.01,<0.01,23.6,79,52.1,3,1664,4.5,5193.8,4297.53,7,5042.24
Fe-1%Cr,Miyakojima,open,0.005,<0.003,0.07,0.001,0.0002,<0.01,1.01,<0.01,<0.01,<0.01,<0.01,24,76,52.6,2.7,1761,3.8,4582.7,5592.04,10,11079.35
Fe-3%Cr,Miyakojima,open,0.006,<0.003,0.05,0.0007,0.0001,<0.01,3.05,<0.01,<0.01,<0.01,<0.01,24.3,78,44.2,2.3,2635.5,4.6,5091.8,5173.67,0.5,278.29
Fe-3%Cr,Miyakojima,open,0.006,<0.003,0.05,0.0007,0.0001,<0.01,3.05,<0.01,<0.01,<0.01,<0.01,23.6,80,47.4,1.9,1992.5,4.8,5405.3,5284.25,1,437.18
Fe-3%Cr,Miyakojima,open,0.006,<0.003,0.05,0.0007,0.0001,<0.01,3.05,<0.01,<0.01,<0.01,<0.01,23.7,81,35.2,2.6,2335,4.5,5612.4,5163.57,2,513.47
Fe-3%Cr,Miyakojima,open,0.006,<0.003,0.05,0.0007,0.0001,<0.01,3.05,<0.01,<0.01,<0.01,<0.01,24,78,48.8,2.1,2246,3.9,4991.4,5560.44,3,1036.29
Fe-3%Cr,Miyakojima,open,0.006,<0.003,0.05,0.0007,0.0001,<0.01,3.05,<0.01,<0.01,<0.01,<0.01,23.6,79,52.1,3,1664,4.5,5193.8,4297.53,7,2471.59
Fe-3%Cr,Miyakojima,open,0.006,<0.003,0.05,0.0007,0.0001,<0.01,3.05,<0.01,<0.01,<0.01,<0.01,24,76,52.6,2.7,1761,3.8,4582.7,5592.04,10,4162.53
Fe-5%Cr,Miyakojima,open,0.003,<0.003,0.11,0.0003,0.001,<0.01,5.03,<0.01,<0.01,<0.01,<0.01,24.3,78,44.2,2.3,2635.5,4.6,5091.8,5173.67,0.5,188.88
Fe-5%Cr,Miyakojima,open,0.003,<0.003,0.11,0.0003,0.001,<0.01,5.03,<0.01,<0.01,<0.01,<0.01,23.6,80,47.4,1.9,1992.5,4.8,5405.3,5284.25,1,314.06
Fe-5%Cr,Miyakojima,open,0.003,<0.003,0.11,0.0003,0.001,<0.01,5.03,<0.01,<0.01,<0.01,<0.01,23.7,81,35.2,2.6,2335,4.5,5612.4,5163.57,2,394.76
Fe-5%Cr,Miyakojima,open,0.003,<0.003,0.11,0.0003,0.001,<0.01,5.03,<0.01,<0.01,<0.01,<0.01,24,78,48.8,2.1,2246,3.9,4991.4,5560.44,3,1433.35
Fe-5%Cr,Miyakojima,open,0.003,<0.003,0.11,0.0003,0.001,<0.01,5.03,<0.01,<0.01,<0.01,<0.01,23.6,79,52.1,3,1664,4.5,5193.8,4297.53,7,1300.47
Fe-5%Cr,Miyakojima,open,0.003,<0.003,0.11,0.0003,0.001,<0.01,5.03,<0.01,<0.01,<0.01,<0.01,24,76,52.6,2.7,1761,3.8,4582.7,5592.04,10,1776.47
Fe-9%Cr,Miyakojima,open,0.003,<0.003,0.12,0.0002,0.0003,<0.01,9.03,<0.01,<0.01,<0.01,<0.01,24.3,78,44.2,2.3,2635.5,4.6,5091.8,5173.67,0.5,80.71
Fe-9%Cr,Miyakojima,open,0.003,<0.003,0.12,0.0002,0.0003,<0.01,9.03,<0.01,<0.01,<0.01,<0.01,23.6,80,47.4,1.9,1992.5,4.8,5405.3,5284.25,1,185.47
Fe-9%Cr,Miyakojima,open,0.003,<0.003,0.12,0.0002,0.0003,<0.01,9.03,<0.01,<0.01,<0.01,<0.01,23.7,81,35.2,2.6,2335,4.5,5612.4,5163.57,2,157.41
Fe-9%Cr,Miyakojima,open,0.003,<0.003,0.12,0.0002,0.0003,<0.01,9.03,<0.01,<0.01,<0.01,<0.01,24,78,48.8,2.1,2246,3.9,4991.4,5560.44,3,238.06
Fe-9%Cr,Miyakojima,open,0.003,<0.003,0.12,0.0002,0.0003,<0.01,9.03,<0.01,<0.01,<0.01,<0.01,23.6,79,52.1,3,1664,4.5,5193.8,4297.53,7,543.88
Fe-9%Cr,Miyakojima,open,0.003,<0.003,0.12,0.0002,0.0003,<0.01,9.03,<0.01,<0.01,<0.01,<0.01,24,76,52.6,2.7,1761,3.8,4582.7,5592.04,10,519.82
SM490A,Miyakojima,open,0.15,0.285,1.45,0.02,0.0039,<0.01,0.05,<0.01,<0.01,<0.01,<0.01,24.3,78,44.2,2.3,2635.5,4.6,5091.8,5173.67,0.5,293.76
SM490A,Miyakojima,open,0.15,0.285,1.45,0.02,0.0039,<0.01,0.05,<0.01,<0.01,<0.01,<0.01,23.6,80,47.4,1.9,1992.5,4.8,5405.3,5284.25,1,nan
SM490A,Miyakojima,open,0.15,0.285,1.45,0.02,0.0039,<0.01,0.05,<0.01,<0.01,<0.01,<0.01,23.7,81,35.2,2.6,2335,4.5,5612.4,5163.57,2,530.35
SM490A,Miyakojima,open,0.15,0.285,1.45,0.02,0.0039,<0.01,0.05,<0.01,<0.01,<0.01,<0.01,24,78,48.8,2.1,2246,3.9,4991.4,5560.44,3,1361.65
SM490A,Miyakojima,open,0.15,0.285,1.45,0.02,0.0039,<0.01,0.05,<0.01,<0.01,<0.01,<0.01,23.6,79,52.1,3,1664,4.5,5193.8,4297.53,7,5435.82
SM490A,Miyakojima,open,0.15,0.285,1.45,0.02,0.0039,<0.01,0.05,<0.01,<0.01,<0.01,<0.01,24,76,52.6,2.7,1761,3.8,4582.7,5592.04,10,13922.82
SMA490,Miyakojima,open,0.12,0.36,1.08,0.013,0.0076,0.34,0.51,0.08,<0.01,<0.01,<0.01,24.3,78,44.2,2.3,2635.5,4.6,5091.8,5173.67,0.5,235.12
SMA490,Miyakojima,open,0.12,0.36,1.08,0.013,0.0076,0.34,0.51,0.08,<0.01,<0.01,<0.01,23.6,80,47.4,1.9,1992.5,4.8,5405.3,5284.25,1,582.88
SMA490,Miyakojima,open,0.12,0.36,1.08,0.013,0.0076,0.34,0.51,0.08,<0.01,<0.01,<0.01,23.7,81,35.2,2.6,2335,4.5,5612.4,5163.57,2,447.18
SMA490,Miyakojima,open,0.12,0.36,1.08,0.013,0.0076,0.34,0.51,0.08,<0.01,<0.01,<0.01,24,78,48.8,2.1,2246,3.9,4991.4,5560.44,3,627.82
SMA490,Miyakojima,open,0.12,0.36,1.08,0.013,0.0076,0.34,0.51,0.08,<0.01,<0.01,<0.01,23.6,79,52.1,3,1664,4.5,5193.8,4297.53,7,1951.29
SMA490,Miyakojima,open,0.12,0.36,1.08,0.013,0.0076,0.34,0.51,0.08,<0.01,<0.01,<0.01,24,76,52.6,2.7,1761,3.8,4582.7,5592.04,10,3560.82
SPA-H,Miyakojima,open,0.089,0.22,0.39,0.1,0.0044,0.31,0.39,0.11,<0.01,<0.01,<0.01,24.3,78,44.2,2.3,2635.5,4.6,5091.8,5173.67,0.5,216.82
SPA-H,Miyakojima,open,0.089,0.22,0.39,0.1,0.0044,0.31,0.39,0.11,<0.01,<0.01,<0.01,23.6,80,47.4,1.9,1992.5,4.8,5405.3,5284.25,1,865.5
SPA-H,Miyakojima,open,0.089,0.22,0.39,0.1,0.0044,0.31,0.39,0.11,<0.01,<0.01,<0.01,23.7,81,35.2,2.6,2335,4.5,5612.4,5163.57,2,393.29
SPA-H,Miyakojima,open,0.089,0.22,0.39,0.1,0.0044,0.31,0.39,0.11,<0.01,<0.01,<0.01,24,78,48.8,2.1,2246,3.9,4991.4,5560.44,3,1220.29
SPA-H,Miyakojima,open,0.089,0.22,0.39,0.1,0.0044,0.31,0.39,0.11,<0.01,<0.01,<0.01,23.6,79,52.1,3,1664,4.5,5193.8,4297.53,7,2348.65
SPA-H,Miyakojima,open,0.089,0.22,0.39,0.1,0.0044,0.31,0.39,0.11,<0.01,<0.01,<0.01,24,76,52.6,2.7,1761,3.8,4582.7,5592.04,10,14074
Fe¹,Miyakojima,closed,0.001,<0.003,<0.01,0.0008,0.0011,<0.01,<0.01,<0.01,<0.01,<0.01,<0.01,24.3,78,44.2,2.3,2635.5,4.6,5091.8,5173.67,0.5,743.24
Fe¹,Miyakojima,closed,0.001,<0.003,<0.01,0.0008,0.0011,<0.01,<0.01,<0.01,<0.01,<0.01,<0.01,23.6,80,47.4,1.9,1992.5,4.8,5405.3,5284.25,1,1289.71
Fe¹,Miyakojima,closed,0.001,<0.003,<0.01,0.0008,0.0011,<0.01,<0.01,<0.01,<0.01,<0.01,<0.01,23.7,81,35.2,2.6,2335,4.5,5612.4,5163.57,2,1621.06
Fe¹,Miyakojima,closed,0.001,<0.003,<0.01,0.0008,0.0011,<0.01,<0.01,<0.01,<0.01,<0.01,<0.01,24,78,48.8,2.1,2246,3.9,4991.4,5560.44,3,>1621.06
Fe¹,Miyakojima,closed,0.001,<0.003,<0.01,0.0008,0.0011,<0.01,<0.01,<0.01,<0.01,<0.01,<0.01,23.6,79,52.1,3,1664,4.5,5193.8,4297.53,7,>16115
Fe¹,Miyakojima,closed,0.001,<0.003,<0.01,0.0008,0.0011,<0.01,<0.01,<0.01,<0.01,<0.01,<0.01,24,76,52.6,2.7,1761,3.8,4582.7,5592.04,10,>16177
Fe-0.4%Cu,Miyakojima,closed,0.001,<0.003,<0.01,0.0006,0.0007,<0.01,<0.01,<0.01,<0.01,<0.01,<0.01,24.3,78,44.2,2.3,2635.5,4.6,5091.8,5173.67,0.5,399.35
Fe-0.4%Cu,Miyakojima,closed,0.001,<0.003,<0.01,0.0006,0.0007,<0.01,<0.01,<0.01,<0.01,<0.01,<0.01,23.6,80,47.4,1.9,1992.5,4.8,5405.3,5284.25,1,631.24
Fe-0.4%Cu,Miyakojima,closed,0.001,<0.003,<0.01,0.0006,0.0007,<0.01,<0.01,<0.01,<0.01,<0.01,<0.01,23.7,81,35.2,2.6,2335,4.5,5612.4,5163.57,2,931
Fe-0.4%Cu,Miyakojima,closed,0.001,<0.003,<0.01,0.0006,0.0007,<0.01,<0.01,<0.01,<0.01,<0.01,<0.01,24,78,48.8,2.1,2246,3.9,4991.4,5560.44,3,2231.82
Fe-0.4%Cu,Miyakojima,closed,0.001,<0.003,<0.01,0.0006,0.0007,<0.01,<0.01,<0.01,<0.01,<0.01,<0.01,23.6,79,52.1,3,1664,4.5,5193.8,4297.53,7,>15677
Fe-0.4%Cu,Miyakojima,closed,0.001,<0.003,<0.01,0.0006,0.0007,<0.01,<0.01,<0.01,<0.01,<0.01,<0.01,24,76,52.6,2.7,1761,3.8,4582.7,5592.04,10,>15542
Fe-1%Ni,Miyakojima,closed,0.001,<0.003,0.01,0.0003,0.0001,<0.01,<0.01,0.98,<0.01,<0.01,<0.01,24.3,78,44.2,2.3,2635.5,4.6,5091.8,5173.67,0.5,292.12
Fe-1%Ni,Miyakojima,closed,0.001,<0.003,0.01,0.0003,0.0001,<0.01,<0.01,0.98,<0.01,<0.01,<0.01,23.6,80,47.4,1.9,1992.5,4.8,5405.3,5284.25,1,457.76
Fe-1%Ni,Miyakojima,closed,0.001,<0.003,0.01,0.0003,0.0001,<0.01,<0.01,0.98,<0.01,<0.01,<0.01,23.7,81,35.2,2.6,2335,4.5,5612.4,5163.57,2,657.71
Fe-1%Ni,Miyakojima,closed,0.001,<0.003,0.01,0.0003,0.0001,<0.01,<0.01,0.98,<0.01,<0.01,<0.01,24,78,48.8,2.1,2246,3.9,4991.4,5560.44,3,1208.59
Fe-1%Ni,Miyakojima,closed,0.001,<0.003,0.01,0.0003,0.0001,<0.01,<0.01,0.98,<0.01,<0.01,<0.01,23.6,79,52.1,3,1664,4.5,5193.8,4297.53,7,4495.29
Fe-1%Ni,Miyakojima,closed,0.001,<0.003,0.01,0.0003,0.0001,<0.01,<0.01,0.98,<0.01,<0.01,<0.01,24,76,52.6,2.7,1761,3.8,4582.7,5592.04,10,>15736
Fe-3%Ni,Miyakojima,closed,0.001,<0.003,0.01,0.0005,0.0002,<0.01,<0.01,3.02,<0.01,<0.01,<0.01,24.3,78,44.2,2.3,2635.5,4.6,5091.8,5173.67,0.5,259.94
Fe-3%Ni,Miyakojima,closed,0.001,<0.003,0.01,0.0005,0.0002,<0.01,<0.01,3.02,<0.01,<0.01,<0.01,23.6,80,47.4,1.9,1992.5,4.8,5405.3,5284.25,1,383.41
Fe-3%Ni,Miyakojima,closed,0.001,<0.003,0.01,0.0005,0.0002,<0.01,<0.01,3.02,<0.01,<0.01,<0.01,23.7,81,35.2,2.6,2335,4.5,5612.4,5163.57,2,500.12
Fe-3%Ni,Miyakojima,closed,0.001,<0.003,0.01,0.0005,0.0002,<0.01,<0.01,3.02,<0.01,<0.01,<0.01,24,78,48.8,2.1,2246,3.9,4991.4,5560.44,3,871.71
Fe-3%Ni,Miyakojima,closed,0.001,<0.003,0.01,0.0005,0.0002,<0.01,<0.01,3.02,<0.01,<0.01,<0.01,23.6,79,52.1,3,1664,4.5,5193.8,4297.53,7,1628.35
Fe-3%Ni,Miyakojima,closed,0.001,<0.003,0.01,0.0005,0.0002,<0.01,<0.01,3.02,<0.01,<0.01,<0.01,24,76,52.6,2.7,1761,3.8,4582.7,5592.04,10,8194.35
Fe-5% Ni,Miyakojima,closed,0.001,<0.003,0.11,0.0006,0.0003,<0.01,<0.01,5.01,<0.01,<0.01,<0.01,24.3,78,44.2,2.3,2635.5,4.6,5091.8,5173.67,0.5,270.82
Fe-5% Ni,Miyakojima,closed,0.001,<0.003,0.11,0.0006,0.0003,<0.01,<0.01,5.01,<0.01,<0.01,<0.01,23.6,80,47.4,1.9,1992.5,4.8,5405.3,5284.25,1,316.12
Fe-5% Ni,Miyakojima,closed,0.001,<0.003,0.11,0.0006,0.0003,<0.01,<0.01,5.01,<0.01,<0.01,<0.01,23.7,81,35.2,2.6,2335,4.5,5612.4,5163.57,2,449.82
Fe-5% Ni,Miyakojima,closed,0.001,<0.003,0.11,0.0006,0.0003,<0.01,<0.01,5.01,<0.01,<0.01,<0.01,24,78,48.8,2.1,2246,3.9,4991.4,5560.44,3,727.47
Fe-5% Ni,Miyakojima,closed,0.001,<0.003,0.11,0.0006,0.0003,<0.01,<0.01,5.01,<0.01,<0.01,<0.01,23.6,79,52.1,3,1664,4.5,5193.8,4297.53,7,1272.82
Fe-5% Ni,Miyakojima,closed,0.001,<0.003,0.11,0.0006,0.0003,<0.01,<0.01,5.01,<0.01,<0.01,<0.01,24,76,52.6,2.7,1761,3.8,4582.7,5592.04,10,5413
Fe-9%Ni,Miyakojima,closed,0.001,<0.003,0.12,0.0005,0.0003,<0.01,<0.01,9.06,<0.01,<0.01,<0.01,24.3,78,44.2,2.3,2635.5,4.6,5091.8,5173.67,0.5,245.35
Fe-9%Ni,Miyakojima,closed,0.001,<0.003,0.12,0.0005,0.0003,<0.01,<0.01,9.06,<0.01,<0.01,<0.01,23.6,80,47.4,1.9,1992.5,4.8,5405.3,5284.25,1,323.76
Fe-9%Ni,Miyakojima,closed,0.001,<0.003,0.12,0.0005,0.0003,<0.01,<0.01,9.06,<0.01,<0.01,<0.01,23.7,81,35.2,2.6,2335,4.5,5612.4,5163.57,2,420.59
Fe-9%Ni,Miyakojima,closed,0.001,<0.003,0.12,0.0005,0.0003,<0.01,<0.01,9.06,<0.01,<0.01,<0.01,24,78,48.8,2.1,2246,3.9,4991.4,5560.44,3,608.18
Fe-9%Ni,Miyakojima,closed,0.001,<0.003,0.12,0.0005,0.0003,<0.01,<0.01,9.06,<0.01,<0.01,<0.01,23.6,79,52.1,3,1664,4.5,5193.8,4297.53,7,974.18
Fe-9%Ni,Miyakojima,closed,0.001,<0.003,0.12,0.0005,0.0003,<0.01,<0.01,9.06,<0.01,<0.01,<0.01,24,76,52.6,2.7,1761,3.8,4582.7,5592.04,10,1895.53
Fe-1%Cr,Miyakojima,closed,0.005,<0.003,0.07,0.001,0.0002,<0.01,1.01,<0.01,<0.01,<0.01,<0.01,24.3,78,44.2,2.3,2635.5,4.6,5091.8,5173.67,0.5,607.18
Fe-1%Cr,Miyakojima,closed,0.005,<0.003,0.07,0.001,0.0002,<0.01,1.01,<0.01,<0.01,<0.01,<0.01,23.6,80,47.4,1.9,1992.5,4.8,5405.3,5284.25,1,741.71
Fe-1%Cr,Miyakojima,closed,0.005,<0.003,0.07,0.001,0.0002,<0.01,1.01,<0.01,<0.01,<0.01,<0.01,23.7,81,35.2,2.6,2335,4.5,5612.4,5163.57,2,821.41
Fe-1%Cr,Miyakojima,closed,0.005,<0.003,0.07,0.001,0.0002,<0.01,1.01,<0.01,<0.01,<0.01,<0.01,24,78,48.8,2.1,2246,3.9,4991.4,5560.44,3,2162.59
Fe-1%Cr,Miyakojima,closed,0.005,<0.003,0.07,0.001,0.0002,<0.01,1.01,<0.01,<0.01,<0.01,<0.01,23.6,79,52.1,3,1664,4.5,5193.8,4297.53,7,4453.59
Fe-1%Cr,Miyakojima,closed,0.005,<0.003,0.07,0.001,0.0002,<0.01,1.01,<0.01,<0.01,<0.01,<0.01,24,76,52.6,2.7,1761,3.8,4582.7,5592.04,10,>15053
Fe-3%Cr,Miyakojima,closed,0.006,<0.003,0.05,0.0007,0.0001,<0.01,3.05,<0.01,<0.01,<0.01,<0.01,24.3,78,44.2,2.3,2635.5,4.6,5091.8,5173.67,0.5,436.88
Fe-3%Cr,Miyakojima,closed,0.006,<0.003,0.05,0.0007,0.0001,<0.01,3.05,<0.01,<0.01,<0.01,<0.01,23.6,80,47.4,1.9,1992.5,4.8,5405.3,5284.25,1,584.71
Fe-3%Cr,Miyakojima,closed,0.006,<0.003,0.05,0.0007,0.0001,<0.01,3.05,<0.01,<0.01,<0.01,<0.01,23.7,81,35.2,2.6,2335,4.5,5612.4,5163.57,2,678.76
Fe-3%Cr,Miyakojima,closed,0.006,<0.003,0.05,0.0007,0.0001,<0.01,3.05,<0.01,<0.01,<0.01,<0.01,24,78,48.8,2.1,2246,3.9,4991.4,5560.44,3,1126.53
Fe-3%Cr,Miyakojima,closed,0.006,<0.003,0.05,0.0007,0.0001,<0.01,3.05,<0.01,<0.01,<0.01,<0.01,23.6,79,52.1,3,1664,4.5,5193.8,4297.53,7,2689.88
Fe-3%Cr,Miyakojima,closed,0.006,<0.003,0.05,0.0007,0.0001,<0.01,3.05,<0.01,<0.01,<0.01,<0.01,24,76,52.6,2.7,1761,3.8,4582.7,5592.04,10,6820.18
Fe-5%Cr,Miyakojima,closed,0.003,<0.003,0.11,0.0003,0.001,<0.01,5.03,<0.01,<0.01,<0.01,<0.01,24.3,78,44.2,2.3,2635.5,4.6,5091.8,5173.67,0.5,374.71
Fe-5%Cr,Miyakojima,closed,0.003,<0.003,0.11,0.0003,0.001,<0.01,5.03,<0.01,<0.01,<0.01,<0.01,23.6,80,47.4,1.9,1992.5,4.8,5405.3,5284.25,1,411.12
Fe-5%Cr,Miyakojima,closed,0.003,<0.003,0.11,0.0003,0.001,<0.01,5.03,<0.01,<0.01,<0.01,<0.01,23.7,81,35.2,2.6,2335,4.5,5612.4,5163.57,2,473.53
Fe-5%Cr,Miyakojima,closed,0.003,<0.003,0.11,0.0003,0.001,<0.01,5.03,<0.01,<0.01,<0.01,<0.01,24,78,48.8,2.1,2246,3.9,4991.4,5560.44,3,816
Fe-5%Cr,Miyakojima,closed,0.003,<0.003,0.11,0.0003,0.001,<0.01,5.03,<0.01,<0.01,<0.01,<0.01,23.6,79,52.1,3,1664,4.5,5193.8,4297.53,7,1558.65
Fe-5%Cr,Miyakojima,closed,0.003,<0.003,0.11,0.0003,0.001,<0.01,5.03,<0.01,<0.01,<0.01,<0.01,24,76,52.6,2.7,1761,3.8,4582.7,5592.04,10,5171.94
Fe-9%Cr,Miyakojima,closed,0.003,<0.003,0.12,0.0002,0.0003,<0.01,9.03,<0.01,<0.01,<0.01,<0.01,24.3,78,44.2,2.3,2635.5,4.6,5091.8,5173.67,0.5,241.41
Fe-9%Cr,Miyakojima,closed,0.003,<0.003,0.12,0.0002,0.0003,<0.01,9.03,<0.01,<0.01,<0.01,<0.01,23.6,80,47.4,1.9,1992.5,4.8,5405.3,5284.25,1,320.88
Fe-9%Cr,Miyakojima,closed,0.003,<0.003,0.12,0.0002,0.0003,<0.01,9.03,<0.01,<0.01,<0.01,<0.01,23.7,81,35.2,2.6,2335,4.5,5612.4,5163.57,2,327.24
Fe-9%Cr,Miyakojima,closed,0.003,<0.003,0.12,0.0002,0.0003,<0.01,9.03,<0.01,<0.01,<0.01,<0.01,24,78,48.8,2.1,2246,3.9,4991.4,5560.44,3,546.29
Fe-9%Cr,Miyakojima,closed,0.003,<0.003,0.12,0.0002,0.0003,<0.01,9.03,<0.01,<0.01,<0.01,<0.01,23.6,79,52.1,3,1664,4.5,5193.8,4297.53,7,1104.35
Fe-9%Cr,Miyakojima,closed,0.003,<0.003,0.12,0.0002,0.0003,<0.01,9.03,<0.01,<0.01,<0.01,<0.01,24,76,52.6,2.7,1761,3.8,4582.7,5592.04,10,2638
SM490A,Miyakojima,closed,0.15,0.285,1.45,0.02,0.0039,<0.01,0.05,<0.01,<0.01,<0.01,<0.01,24.3,78,44.2,2.3,2635.5,4.6,5091.8,5173.67,0.5,483.65
SM490A,Miyakojima,closed,0.15,0.285,1.45,0.02,0.0039,<0.01,0.05,<0.01,<0.01,<0.01,<0.01,23.6,80,47.4,1.9,1992.5,4.8,5405.3,5284.25,1,nan
SM490A,Miyakojima,closed,0.15,0.285,1.45,0.02,0.0039,<0.01,0.05,<0.01,<0.01,<0.01,<0.01,23.7,81,35.2,2.6,2335,4.5,5612.4,5163.57,2,1102
SM490A,Miyakojima,closed,0.15,0.285,1.45,0.02,0.0039,<0.01,0.05,<0.01,<0.01,<0.01,<0.01,24,78,48.8,2.1,2246,3.9,4991.4,5560.44,3,1533.88
SM490A,Miyakojima,closed,0.15,0.285,1.45,0.02,0.0039,<0.01,0.05,<0.01,<0.01,<0.01,<0.01,23.6,79,52.1,3,1664,4.5,5193.8,4297.53,7,5634.29
SM490A,Miyakojima,closed,0.15,0.285,1.45,0.02,0.0039,<0.01,0.05,<0.01,<0.01,<0.01,<0.01,24,76,52.6,2.7,1761,3.8,4582.7,5592.04,10,>16930
SMA490,Miyakojima,closed,0.12,0.36,1.08,0.013,0.0076,0.34,0.51,0.08,<0.01,<0.01,<0.01,24.3,78,44.2,2.3,2635.5,4.6,5091.8,5173.67,0.5,447.12
SMA490,Miyakojima,closed,0.12,0.36,1.08,0.013,0.0076,0.34,0.51,0.08,<0.01,<0.01,<0.01,23.6,80,47.4,1.9,1992.5,4.8,5405.3,5284.25,1,891.59
SMA490,Miyakojima,closed,0.12,0.36,1.08,0.013,0.0076,0.34,0.51,0.08,<0.01,<0.01,<0.01,23.7,81,35.2,2.6,2335,4.5,5612.4,5163.57,2,746.88
SMA490,Miyakojima,closed,0.12,0.36,1.08,0.013,0.0076,0.34,0.51,0.08,<0.01,<0.01,<0.01,24,78,48.8,2.1,2246,3.9,4991.4,5560.44,3,1572.35
SMA490,Miyakojima,closed,0.12,0.36,1.08,0.013,0.0076,0.34,0.51,0.08,<0.01,<0.01,<0.01,23.6,79,52.1,3,1664,4.5,5193.8,4297.53,7,4427.59
SMA490,Miyakojima,closed,0.12,0.36,1.08,0.013,0.0076,0.34,0.51,0.08,<0.01,<0.01,<0.01,24,76,52.6,2.7,1761,3.8,4582.7,5592.04,10,>16890
SPA-H,Miyakojima,closed,0.089,0.22,0.39,0.1,0.0044,0.31,0.39,0.11,<0.01,<0.01,<0.01,24.3,78,44.2,2.3,2635.5,4.6,5091.8,5173.67,0.5,nan
SPA-H,Miyakojima,closed,0.089,0.22,0.39,0.1,0.0044,0.31,0.39,0.11,<0.01,<0.01,<0.01,23.6,80,47.4,1.9,1992.5,4.8,5405.3,5284.25,1,1274.5
SPA-H,Miyakojima,closed,0.089,0.22,0.39,0.1,0.0044,0.31,0.39,0.11,<0.01,<0.01,<0.01,23.7,81,35.2,2.6,2335,4.5,5612.4,5163.57,2,985
SPA-H,Miyakojima,closed,0.089,0.22,0.39,0.1,0.0044,0.31,0.39,0.11,<0.01,<0.01,<0.01,24,78,48.8,2.1,2246,3.9,4991.4,5560.44,3,2969.35
SPA-H,Miyakojima,closed,0.089,0.22,0.39,0.1,0.0044,0.31,0.39,0.11,<0.01,<0.01,<0.01,23.6,79,52.1,3,1664,4.5,5193.8,4297.53,7,5526.71
SPA-H,Miyakojima,closed,0.089,0.22,0.39,0.1,0.0044,0.31,0.39,0.11,<0.01,<0.01,<0.01,24,76,52.6,2.7,1761,3.8,4582.7,5592.04,10,>17208
